Card#,Artist,Title,Year,URL,Youtube-Title,Hashed Info
1,Jim Croce,"Bad, Bad Leroy Brown",1973,https://www.youtube.com/watch?v=JzYf6qskdfA,"Bad, Bad Leroy Brown",be7afccb3d801d31918604b25f27b9eea009e21683b5b9b1cc196301d42ac1d8
2,The Waterboys,The Whole Of The Moon,1985,https://www.youtube.com/watch?v=sBW8Vnp8BzU,The Waterboys - The Whole of the Moon [Official HD Remastered Video],10feb0edbf0f448c4df269bb44692b3162417129958b21f720cd8620823a9eb5
3,Ammi Stewart,Knock On Wood,1979,https://www.youtube.com/watch?v=oLS57N4kUN0,"Knock on Wood (7"" Edit)",5ef2efbe7d8da6f7d304db48bcb3af65262f5fae132a57b7fe62ec86738d04f0
4,Brian Hyland,Itsy Bitsy Teenie Weenie Yellow Polka Dot Bikini,1960,https://www.youtube.com/watch?v=ICkWjdQuK7Q,Brian Hyland - Itsy Bitsy Teenie Weenie Yellow Polka Dot Bikini,d214787da324bacf083d63dae0def71fbc5aa56314366ba55c0d0d205fe97044
5,"Major Lazer, Dj Snake & M√∏",Lean On,2015,https://www.youtube.com/watch?v=rn9AQoI7mYU,Major Lazer & DJ Snake - Lean On (feat. M√ò) [Official Lyric Video],70d6467642193e3478ad52a0fa3904b131af042af74a8b94038d9eec25dfab74
6,P!nk (feat. Nate Ruess),Just Give Me A Reason,2012,https://www.youtube.com/watch?v=OpQFFLBMEPI,P!nk - Just Give Me A Reason ft. Nate Ruess,40299bbd43cbba7d1f76a9ba902f804af314fde714fbe5c08aad9481e72403cf
7,Shaggy,It Wasn't Me,2000,https://www.youtube.com/watch?v=U48fb7Nx1A8,Shaggy - It Wasn't Me (Lyrics) ft. Ricardo RikRok Ducent,e7e0101c6c400b7e50d9cf1a9b432ac72591e86e9105badb578d81fb3cf0bc60
8,Gipsy Kings,Volare (Nel Blu Di Pinto Di Blu),1989,https://www.youtube.com/watch?v=X8TOhb_4jU0,Gipsy Kings - Volare (Nel Blu di Pinto di Blu) (Official HD Video),9ce3db1bfeb26833f296d4b2ecce7a8fc32227d71fbe21d0f20bdefb23a08a15
9,Kaoma,Lambada,1989,https://www.youtube.com/watch?v=iyLdoQGBchQ,Kaoma - Lambada (Official Video) 1989 HD,1e2a5209d82e86adec26543755857b74204ec1168380705266e44b23765b6ff2
10,The Carpenters,Top Of The World,1973,https://www.youtube.com/watch?v=yUMAmI5YcBQ,The Carpenters -   Top Of The World   --  HQ Audio -- Lyrics,eb7e9e62a556a2e8f7c5e6ea701f8c827a9618582f03f061a1ad8db6f41fa35a
11,Emma Franklin,Piece Of My Heart,1967,https://www.youtube.com/watch?v=L0QAxIKf8G4,Erma Franklin - Piece of My Heart (Video),7d5674fc951c76a69d0c374d68621127336d115c2a7a39c201f8a842f4c31344
12,Rick Astley,Never Gonna Give You Up,1987,https://www.youtube.com/watch?v=dQw4w9WgXcQ,Rick Astley - Never Gonna Give You Up (Official Music Video),ea6432992331a13184e0de40254b4992a133dcca7f4adf8831759fbc99d89bba
13,Irene Cara,Flashdance... What A Feeling,1983,https://www.youtube.com/watch?v=ILWSp0m9G2U,Irene Cara  - Flashdance What A Feeling (Official Music Video),019d4c1b3070d7d83d73148b3e7df9be219450443d88023bad5123850bacffcb
14,Eurythmics,Sweet Dreams (Are Made of This),1983,https://www.youtube.com/watch?v=eRhg7qPLeN8,Sweet Dreams (Are Made of This) (2005 Remaster),9632d17980e82844dbd423b864015739bbf563749f438dd62a1783fc0b726fd9
15,AC/DC,Thunderstruck,1990,https://www.youtube.com/watch?v=v2AC41dglnM,AC/DC - Thunderstruck (Official Video),eeed47e4f39b24bf0a5f56234a09e91f1ed971cae9bf8bf9e7d649092a1a554e
16,Sean Paul,Get Busy,2003,https://www.youtube.com/watch?v=HXceurkQcCs,Get Busy,948b7eb3e817b1ab370f2c2229e28d8983ac3efc726b3a8be08effc479477cb1
17,The Human League,Don't You Want Me,1981,https://www.youtube.com/watch?v=uPudE8nDog0,The Human League - Don't You Want Me (Official Music Video),56b68d511f79803835481bfc89221ade5e326bfa0b430dca9dd3de4270d411e8
18,Fleetwood Mac,Everywhere,1987,https://www.youtube.com/watch?v=YF1R0hc5Q2I,Fleetwood Mac - Everywhere (Official Music Video),3bf4dec3aec3dadc4e8aaa02bc3e9ef046799b42af3c035db728ee79c3d02eeb
19,Portugal. The Man,Feel It Still,2017,https://www.youtube.com/watch?v=pBkHHoOIIn8,Portugal. The Man - Feel It Still (Official Music Video),41f3b97a59fc7399d62a5ccc6e474e731252fc45140ffba9fee0f990df182135
20,The Platters,Smoke Gets In Your Eyes,1958,https://www.youtube.com/watch?v=H2di83WAOhU,The Platters - Smoke Gets In Your Eyes,807b33359e539d64af40ceade6b40f861b74bfeb5bfbea0c976b4ff68ef957ca
21,Imagine Dragons,Thunder,2017,https://www.youtube.com/watch?v=GtEvysh1654,Imagine Dragons - Thunder (Lyrics),7eaaa6006e2dc6b836eed18cc162ee86cb31ae1c0e38e9b33cbd65a928f2f493
22,Miley Cyrus,Wrecking Ball,2013,https://www.youtube.com/watch?v=mRFHAvdwXXs,Miley Cyrus - Wrecking Ball (Audio),cc934e38d3ffe97b15410dce07a64508e537811ece7ff22b4ea6d622e997b432
23,Ray Charles,Hit The Road Jack,1961,https://www.youtube.com/watch?v=SrnWp5O0DEs,Hit the Road Jack,5a43bf41828333ecd2e3585fb34bcc3d0a3a2ec269813aa5f0b20790430b8491
24,Maroon 5 (feat. Christina Aguilera),Moves Like Jagger,2010,https://www.youtube.com/watch?v=iEPTlhBmwRg,Maroon 5 - Moves Like Jagger ft. Christina Aguilera (Official Music Video),2b716c86361ebe3c0f510d0bc0c265eaaf9d6b92d66a27aff317e92c8bd3727f
25,Eric Clapton,Tears In Heaven,1992,https://www.youtube.com/watch?v=ZqtyQuXo9zM,Eric Clapton - Tears In Heaven (lyrics),254e881d1f45452eedd54d1e4ac673407dc5d416cd5b2715da0ee99070074b78
26,Haddaway,What Is Love,1993,https://www.youtube.com/watch?v=OFNrN_6Ta5I,Haddaway - What is Love (Audio),827ba58bccddc641baaabcc950b2ccfcfc0d49be4464e795bd430f93773af23c
27,Twenty One Pilots,Stressed Out,2015,https://www.youtube.com/watch?v=pXRviuL6vMY,twenty one pilots: Stressed Out [OFFICIAL VIDEO],bd401f98ccf899e67c96cdca808b41e8959bdad82965ad910b4bd59459541380
28,Rupert Holmes,Escape (The Pi√±a Colada Song),1979,https://www.youtube.com/watch?v=FXG_I_tf_i4,Escape (The Pina Colada Song),937e8c54c029d4676dbf1910a07eb9ffec7f34a3a0ba99ff449384719c6335ca
29,Las Ketchup,The Ketchup Song (Aserej√©),2002,https://www.youtube.com/watch?v=AMT698ArSfQ,Las Ketchup - The Ketchup Song (Asereje) (Spanglish Version) (Official Video),22b4a31d2342495dd3e3d101cbc76310a95d81f945e6e4f596a6541ee210c982
30,Dolly Parton,Jolene,1973,https://www.youtube.com/watch?v=Ixrje2rXLMA,Dolly Parton - Jolene (Audio),280999dd31c616447d892337cceb0ec01988f74f8414a3c96a55a55815493648
31,Alicia Keys,No One,2007,https://www.youtube.com/watch?v=rywUS-ohqeE,Alicia Keys - No One (Official Music Video),9bf34f95419ac6f733d3f2ffda9d0773f7e78c63b179ad776f11bfef931e40f4
32,James Brown,I Got You (I Feel Good),1965,https://www.youtube.com/watch?v=pTdihu-mp90,James Brown - I Got You (I Feel Good) (Visualizer),af2e267a8f2475fb0278196a159630d2ab4f4b49f7f4144cf3612a2bc05351e7
33,Leo Sayer,When I Need You,1977,https://www.youtube.com/watch?v=obC0MFHWJ0A,Leo Sayer - When I Need You (Official HD Music Video),3b63e9a9bb063cc4a61f12494b1cf37f703a70b53abff7423806002960fbd5d5
34,The O'Jays,Love Train,1972,https://www.youtube.com/watch?v=2vTKmVvyNRc,The O'Jays - Love Train,2a2d0bbadfa89098b2acbc5519f8c50b634926459789b978893c180fc5fa4b0c
35,The Archies,"Sugar, Sugar",1969,https://www.youtube.com/watch?v=5rmwDnOozWU,"Sugar, Sugar",6dba9295aa041fcbe181690fd86aab85c090f13da8c1435f930406a2541e5398
36,Lindra Ronstadt,Blue Bayou,1977,https://www.youtube.com/watch?v=Kp9G0zkorio,Linda Ronstadt - Blue Bayou (Official Music Video),4ad883c17584389ddc8fef8653e797ddd2a055df5ef19fcc4af0fb65dbf7389e
37,Lionel Richie,Dancing On The Ceiling,1986,https://www.youtube.com/watch?v=ovo6zwv6DX4,Lionel Richie - Dancing On The Ceiling,8af330205e51cfe7b5ac16b184ea2eb1664ddd7cacb2da579a78fae713202f7f
38,Donna Summer,MacArthur Park,1978,https://www.youtube.com/watch?v=24jAy_T1U2k,MacArthur Park,3755ec0ec707ee89b2c9f86c1779093b967b18be0a94978f97a1ba583a01ae4c
39,Laura Branigan,Self Control,1984,https://www.youtube.com/watch?v=RP0_8J7uxhs,Laura Branigan - Self Control (Official Music Video),6153fefc1df874936f0d4b7af0ff130e2c5c4cfd7be97b9fc73fcf3d3da870f6
40,The Weeknd,Blinding Lights,2020,https://www.youtube.com/watch?v=J7p4bzqLvCw,Blinding Lights,63a3690f287fde9223b1629de83699c87ee22fd946e9a57771b574350eca9785
41,Vaya Con Dios,Nah Neh Nah,1990,https://www.youtube.com/watch?v=7LUm-E4GPU8,Vaya con dios - Nah neh nah,85cc64cf6ed7c2434d269be5fb92b1ee32641f4921700230c6b446d1272a7209
42,The Bangles,Manic Monday,1986,https://www.youtube.com/watch?v=SsmVgoXDq2w,The Bangles - Manic Monday (Official Video),b66a4a1d6b78d7b0cf71295259c454daa5985fc8c9a8a3e7caef64160a074f02
43,Sylvester,You Make Me Feel (Mighty Real),1978,https://www.youtube.com/watch?v=gD6cPE2BHic,Sylvester - You Make Me Feel (Mighty Real),342aeb52712976eff0c0c8216e4bb5ebc85c698f9c61dcfb245ca2dbe0f37a1d
44,Savage Garden,I Want You,1996,https://www.youtube.com/watch?v=HQt6jIKNwgU,Savage Garden - I Want You,bc2c2e7e0a77d4088652a9c08253838da79f7f35ed7166803a8dbd33bbea69e4
45,Nancy Sinatra,These Boots Are Made For Walkin',1965,https://www.youtube.com/watch?v=TDmidrIDB4o,These Boots Are Made for Walkin',0fd7b9241acb95fcd27af6cd26d1fde906e2159ddfc57affb4e9f687d045ec4f
46,Black Eyed Peas,Where Is The Love?,2003,https://www.youtube.com/watch?v=WpYeekQkAdc,The Black Eyed Peas - Where Is The Love? (Official Music Video),7d525252e243160c6d1d9a46fc9173106c0cab201bcaa01ed6daa322c2ea8b36
47,Mungo Jerry,In The Summertime,1970,https://www.youtube.com/watch?v=wvUQcnfwUUM,Mungo Jerry - In The Summertime ORIGINAL 1970,55b5579c419fff8cfb58dab8b4e75c0110d6ea74a2a7cb0a662b3a3d2c13217c
48,The Smashing Pumpkins,1979,1995,https://www.youtube.com/watch?v=Lr58WHo2ndM,Smashing Pumpkins - 1979,37947ea4eee901aaece1c919728323ebde9cc43d5f5715b3be69fa520720c647
49,Cindy Lauper,True Colors,1986,https://www.youtube.com/watch?v=2ecaYj14z3M,Cyndi Lauper - True Colors (Official Lyric Video),e5e9c1d41d6e4f6d696a06bf6a6c5332282d39a94749caeeac84c9c0f9e50119
50,O-Zone,Dragostea Din Tei,2003,https://www.youtube.com/watch?v=uukQ7hGygRc,Dragostea din tei,351411463dd388d134afc7d6be7935950ba85145afc4acb611c81d45a23f570f
51,Jose√≠to Fern√°ndez,Guajira Guantanamera,1929,https://www.youtube.com/watch?v=gdYIpvnzoW8,Guajira guantanamera,87defd174ba0b7b5c96e3e1582a2ee89737363dfbfbc5e094ec39c39793ad81d
52,Billie Eilish,Bad Guy,2019,https://www.youtube.com/watch?v=DyDfgMOUjCI,Billie Eilish - bad guy,a6e671aa955457d414965697762f99048311a10f1f2684718a963041033e7da3
53,Owl City,Fireflies,2009,https://www.youtube.com/watch?v=QBgl4rVz3Ks,Owl City - Fireflies (Lyrics),ef6df7d4c2f07b74b785109a3902333072d9c5869548d6d15338cc0463e12798
54,Hot Chocolate,You Sexy Thing,1975,https://www.youtube.com/watch?v=iD4ympXPrWs,You Sexy Thing,81dc557e3d6e9643fff65bc5a67b4854f88611d8c54672f64c35f02575085692
55,The Monkees,I'm A Believer,1966,https://www.youtube.com/watch?v=4PQAqprjOuA,I'm a Believer,21d3dac8e7a7ac97bf491f7ff5ba02203dd8cdcfa9155e06c6053add1ec3896f
56,Mad'House,Like a Prayer,2002,https://www.youtube.com/watch?v=ZZm3aaOp_rE,Mad'House - Like a prayer (2002) (Clip officiel),68df050f5fb0fdf36d9e9c9d56b76b0e656e98b9417c2c2c77c3d6a9103771c7
57,R.E.M.,Everybody Hurts,1992,https://www.youtube.com/watch?v=mhIay4-PbCY,Everybody Hurts,7a53e3e47b90b852b9fe56f5be8cc6401125647a2c484164c80ac3fedfbde1f1
58,Icona Pop (feat. Charli XCX),I Love It,2012,https://www.youtube.com/watch?v=W50HtcPAeSs,Icona Pop - I Love It (Feat. Charli XCX)  [Audio],bfcfa00cd7aef3fe5526fe93c104c32a8bf2ea910b425bd53cc5180fbf25d66a
59,Oasis,Wonderwall,1995,https://www.youtube.com/watch?v=FVdjZYfDuLE,Wonderwall (Remastered),8048295e218cc2632bf115afcb070617b374e672180dd7f0ed63fd5ffdb1e172
60,John Legend,All Of Me,2013,https://www.youtube.com/watch?v=450p7goxZqg,John Legend - All of Me (Official Video),da23e6c481ce3cc0ed6aaf1defb3a67a2a98d8eff706493dea533fc6fe64e9e2
61,Zen,Hair,1968,https://www.youtube.com/watch?v=UFjHu5P4hO0,Zen - Hair (1968),151e589232871bf32f0a63cc871368c64f7f6c55d3537491999c9139ef31629c
62,Four Tops,"I Can't Help Myself (Sugar Pie, Honey Bunch)",1965,https://www.youtube.com/watch?v=_Z2lWY-wkRs,I Can't Help Myself (Sugar Pie Honey Bunch),b3c4187b559da3168696d24248545387d5c280a0eade7a3fcc67552b904121cd
63,Boston,More Than A Feeling,1976,https://www.youtube.com/watch?v=zOILAZHf2pE,Boston - More Than A Feeling - Remastered,662ee489dd1a8c2ac88949662cfa059f3bf5d036c8915aa9ae15e24a5dd562dc
64,Frankie Valli & The Four Seasons,"December, 1963 (Oh, What a Night)",1975,https://www.youtube.com/watch?v=mTUhnIY3oRM,"Frankie Valli & The Four Seasons - December, 1963 (Oh, What a Night) (Official Music Video)",0b2cdf8c60463402da9aa2fe7a7f92cbdfa31a42b04723609c04952e48a42015
65,Daft Punk (feat. Pharrel Williams & Nile Rodgers),Get Lucky,2013,https://www.youtube.com/watch?v=5NV6Rdv1a3I,"Daft Punk - Get Lucky (Official Audio) ft. Pharrell Williams, Nile Rodgers",dec40d5b17e6c85ddce984a2bfc346288481eae954fafe351d328ea13d324f30
66,Duffy,Mercy,2008,https://www.youtube.com/watch?v=eJCrb1oNbH4,Duffy - Mercy (Lyrics),2967c570e101f9c8aba9318bd2bcccb98210390522e0f1a738a1202838dd2816
67,Aqua,Barbie Girl,1997,https://www.youtube.com/watch?v=eLXXFVNFKww,Aqua - Barbie Girl (Audio),19d12e2c3c5660a5700178d38c2b3f050948e35fd19e2e0f57511fa8e6f7acc3
68,Enya,Orinoco Flow,1988,https://www.youtube.com/watch?v=LTrk4X9ACtw,Enya - Orinoco Flow (Official 4K Music Video),49fae4bfea7dded4e75dfa09280423e3da4e6a18f11aeabc4da10d68ec8ed594
69,Spice Girls,Wannabe,1996,https://www.youtube.com/watch?v=gJLIiF15wjQ,Spice Girls - Wannabe (Official Music Video),38150c7c1c041f2e01a34e914c03ef0f1cce7e93824179cb973944b17ca71078
70,Commodores,Easy,1977,https://www.youtube.com/watch?v=7XcTyEKSnYg,Easy - The Commodores,e778edaf0479b0f9fa7d25a1386359067cb571695338ec65495534371888498f
71,Madonna (feat. Justin Timberlake & Timbaland),4 Minutes,2008,https://www.youtube.com/watch?v=BgPqNyqYDN4,4 Minutes (feat. Justin Timberlake & Timbaland),bcdee074268964a119733c714bcbc87fab83892a974d2664144ba615c2cfdd06
72,Jason Derulo,Whatcha Say,2009,https://www.youtube.com/watch?v=pBI3lc18k8Q,Jason Derulo - Whatcha Say [Official Music Video],651d02475c126c8677eae82458be98e79bfd7bf219f9dd7a63ddc4f712545ac2
73,Thelma Houston,Don't Leave Me This Way,1976,https://www.youtube.com/watch?v=rUdw7V-FC_Q,Don't Leave Me This Way,f168a443fe058bb2d39cff030657bb0cd5406dfc8da7e22848cde7c03cd81210
75,The Rolling Stones,Start Me Up,1981,https://www.youtube.com/watch?v=ZzlgJ-SfKYE,Rolling Stones-start me up,bc40410878eb5e1c2e82fc9015ed230de97fd95c8a1eb94c9755ecf9f70f900a
77,"Cardi B., Bad Bunny and J Balvin",I Like It,2018,https://www.youtube.com/watch?v=xTlNMmZKwpA,"Cardi B, Bad Bunny & J Balvin - I Like It [Official Music Video]",0de3cab28ba452e80a512a4a511f9a17103ee3695e0adfe05dffd937f95a5324
74,Chuck Berry,Johnny B. Goode,1958,https://www.youtube.com/watch?v=Uf4rxCB4lys,Johnny B. Goode,35e02617333a6f2b7905dd38452467a45aa0496e8b893c5f4f12b15f5cba11b1
76,Enrico Caruso,La Donna √à Mobile,1908,https://www.youtube.com/watch?v=RZNkoRb2iLQ,Enrico Caruso - La Donna e Mobile (Remastered),02724062dc5e32725d955acab8c7538c102c1a99bc1cec8a242d1af680d790c4
78,Phil Collins,Another Day in Paradise,1989,https://www.youtube.com/watch?v=Qt2mbGP6vFI,Phil Collins - Another Day In Paradise (Official Music Video),8f3f1f1e99b0677c0eb73f01302176ce0d28000395d1e5cb7afd16850e51625d
79,The Trammps,Disco Inferno,1976,https://www.youtube.com/watch?v=u5lSeYd_riw,The Trammps - Disco Inferno (Original Long Version - Tony Mendes Video Re Edit),4f5b450e4994eeb3ca80e649ac7c6acef12ce1d61334f12e76bc93d4c7487856
80,Hall & Oates,Rich Girl,1977,https://www.youtube.com/watch?v=AmHE65RAkSY,Daryl Hall & John Oates - Rich Girl (Official Audio),2c407fde0b535f86075ce6190cd43c2429f69b722ebd4710c137a06eab0610b8
81,Neil Diamond,Sweet Caroline,1969,https://www.youtube.com/watch?v=4F_RCWVoL4s,Neil Diamond - Sweet Caroline (Audio),23a1e787e4963cad9614f3c7e4ea73051c124b4fc71a494553aa51ad1294b2ca
82,Nelly (feat. Kelly Rowland),Dilemma,2002,https://www.youtube.com/watch?v=WwJm5hnWv6E,Dilemma,b9420ca13c1b21e95dd9f4130f7c48b7499fc59a8278437e87a9c0ff3bb1042e
83,Glenn Miller,In the Mood,1939,https://www.youtube.com/watch?v=dVh3ZzVDZik,Glenn Miller - In the Mood (Audio),73bfedf03a515d6352edfadd88d3f70567a3c4982c8759acebcdd557019095eb
84,The Police,Every Breath You Take,1983,https://www.youtube.com/watch?v=OMOGaugKpzs,The Police - Every Breath You Take (Official Music Video),b76d28067187df678c0ec77d5b5d7e7ccb97674c33b0e01390a179add62e12c8
85,Rihanna (feat. Drake),Work,2016,https://www.youtube.com/watch?v=xizkel_Jrdo,Rihanna - Work ft. Drake,937972e041ff93d4e1a212630dae1d72db4e58fb2134a30c7948388fdfbbc708
86,John Mayer,Daughters,2004,https://www.youtube.com/watch?v=rZLbUIa7exE,John Mayer - Daughters (Official HD Video),f331d0934f3feb0c06c2cf114fb89bfe0f03588d82e2e8ca2cc3fa11eb0e5f08
87,Snow,Informer,1992,https://www.youtube.com/watch?v=TSffz_bl6zo,Snow - Informer (Official Music Video) [4K Remaster],f343f18882713c1d6ad1d79d11551e1763604c7662d048477e266fe64a27a4f5
88,The Script,Superheroes,2014,https://www.youtube.com/watch?v=0y7ygEDRpSo,The Script - Superheroes (Audio),1932ff5f50d92fe0c7a6817e874ad4fa72c8d18fbed62e4f39f6af7afd5c5c89
89,Nirvana,Smells Like Teen Spirit,1991,https://www.youtube.com/watch?v=hTWKbfoikeg,Nirvana - Smells Like Teen Spirit (Official Music Video),24463589897e88323496df7a01d934b95debb1b092383c8f3e96efdcad0ce5f2
90,Bill Haley & His Comets,(We're Gonna) Rock Around The Clock,1954,https://www.youtube.com/watch?v=Ud_JZcC0tHI,Rock Around the Clock-Bill Haley-original song-1955,3762e4ecd152c544fb450f9f6e95504292bffca7eb58413f9a1f38334ce21696
91,Diana Ross,Upside Down,1980,https://www.youtube.com/watch?v=5zyidkj2fpo,Upside Down (Original CHIC Mix),767783e7192375d02ad2973150701eeddc1a4023a08636f487eb2a948aa686ce
92,Milli Vanilli,Girl You Know It's True,1989,https://www.youtube.com/watch?v=RdSmokR0Enk,Milli Vanilli - Girl You Know It's True,7f9231d2066463800dee1d5d5914676488033a4371f94ebb2ed4f511f09d1795
93,Rufus & Chaka Khan,Ain't Nobody,1983,https://www.youtube.com/watch?v=BNirQXe8HOA,Rufus and Chaka Khan - Ain't Nobody [HD Remaster] (Official Video),53c51d80f4e96f281c4f965d3c4a166e3774b24904718da3c9edc46a01d1e6d6
94,Cream,White Room,1968,https://www.youtube.com/watch?v=ond4Wp9nPhM,Cream - White Room,98df78b8247b0849f5ef7c6a5cd67aad5327e66a613560797b047bd3b9d0703f
95,Eddy Grant,Gimme Hope Jo'anna,1988,https://www.youtube.com/watch?v=R-ZplG81oZg,Eddy Grant - Gimme Hope Jo Anna  1988,b7737756a8b5587513c1f7f75e2dbecbc9a91f1a0408044d3b228eb2d6ee6a40
96,Mark Morrison,Return of the Mack,1996,https://www.youtube.com/watch?v=1ZfjB5P7RS0,Return of the Mack,c04bc92d6089df2815a66219eb1bd1dbd8297d76ea8ff90ccec606446555fb32
98,Meghan Trainor,All About That Bass,2014,https://www.youtube.com/watch?v=Fccz4gz5erM,All About That Bass,980c4ce5e76d55774aa033e12c09495a96c34cacef1e69b85ea1ae1beff83a2b
99,Coolio (feat. L.V.),Gangsta's Paradise,1995,https://www.youtube.com/watch?v=Tw0_qHNRAEA,Gangsta's Paradise,3a7fa3117a5a154583409dd45d8dbca3521259f7919c5a8e3915a49fa10b65f5
97,Pearl Jam,Alive,1991,https://www.youtube.com/watch?v=wGiTPgvKktM,Pearl Jam - Alive,7091536e4cbde7018cf991ccd52aeb1b27ca89f1dbf570865eb922ecc9b31b3b
100,The Supremes,You Can't Hurry Love,1966,https://www.youtube.com/watch?v=ovoBi3pXD_A,The Supremes - You Can't Hurry Love (Official Lyric Video),a1a50686dd05464484b787a20b31fad5c8b9b2b464866575da0798f24236593e
101,Mariah Carey,We Belong Together,2005,https://www.youtube.com/watch?v=Yg9KJW2Zi3c,We Belong Together,33eb202153e6272f6c1c50edd3ab27e80c5ff32fe3ca3925a3a9c6a003ec73c4
102,Daryl Hall & John Oates,Maneater,1982,https://www.youtube.com/watch?v=yRYFKcMa_Ek,Daryl Hall & John Oates - Maneater (Official Video),b6f9594aba3ce1a1261f6784e4f6505b41b35b55ede645da89a40611fed6fd93
103,Mary J. Blige,Family Affair,2001,https://www.youtube.com/watch?v=1wh_UYUA0oA,Mary J. Blige - Family Affair (Lyrics),5c67cfba23f77071920169182429dc7b28dad405ba2a0ff42428fbd6d6a67890
104,Roxette,The Look,1988,https://www.youtube.com/watch?v=LlVI7ZNiFlI,Roxette - The Look,cfe223cf49d1e3f80378c57cb9e2f0e6fe3eac321c75e10b896485348f39cf28
105,Bill Haley & The Comets,"See You Later, Alligator",1956,https://www.youtube.com/watch?v=NMP6IGJXG3o,"See You Later, Alligator",522710437c02cc32291f3c2daf37cc54fac4f91f60573b6457cacf7ae96cbba2
106,Eagles,Hotel California,1976,https://www.youtube.com/watch?v=BciS5krYL80,Hotel California (2013 Remaster),aef08fbc03eb9fd6757402c8b0aea669776b5a4838a09d91f9a1956b1e6d8e84
107,Wet Wet Wet,Love Is All Around,1994,https://www.youtube.com/watch?v=1KoKHMcy_hQ,"Love Is All Around (From ""Four Weddings And A Funeral"")",59e48420e5573096c78ea5cc6c94dc97ecc2503455f27600165f40be3cb1d3f5
108,Barry White,"You're The First, The Last, My Everything",1974,https://www.youtube.com/watch?v=E7zmRvhFEYo,"You're The First, The Last, My Everything",3303b0bfce1e69370892a0866ae31dcf55e79bdc4a7182c24c18b3025bfe14b8
109,Prince,Purple Rain,1984,https://www.youtube.com/watch?v=347vCib_lMs,Purple Rain,7707c2be952d21dc9f0a01f6a23c725a14fc0b2f6dae35472964e8d14d5a4ed0
110,Elvis Presley,Jailhouse Rock,1957,https://www.youtube.com/watch?v=PpsUOOfb-vE,Elvis Presley - Jailhouse Rock (Official Audio),02242b58761eecaa7e201aefe62d48e2dd19cd3c0dae307f2ae401ec30cfb58a
111,Betty Everett,It's In His Kiss (The Shoop Shoop Song),1964,https://www.youtube.com/watch?v=B4KN6TFhy2I,Betty Everett - Shoop Shoop Song  (it¬¥s in his kiss),302f34a8cc3c4cc61da9a61ea393d4d947be43a660929f56f6882b0484b0bab9
112,Ed Sheeran,Bad Habits,2021,https://www.youtube.com/watch?v=ho1RzYneMtM,Ed Sheeran - Bad Habits,a2470982875a0ecc53bbcb8d3a261abb86c42259ff73c3ce16d09d9cd2308165
113,Desiigner,Panda,2015,https://www.youtube.com/watch?v=X7UqPXvWUzw,Panda,7d8919daa79b995c57d6a93ca89c5be8f970d0e33e5591b400fe78570f7984b7
114,Harry Belafonte,Day-O (The Banana Boat Song),1956,https://www.youtube.com/watch?v=YO7M0Hx_1D8,Day O (Banana Boat Song),3aa3ea8f92208d8d33510adb6870a70dba08abc279b3d1c655a08a76f6254ee2
115,Mabel,Don't Call Me Up,2019,https://www.youtube.com/watch?v=V35iQO30Xys,Mabel - Don't Call Me Up,97f9f21bba5181ccfddb59502a1a07666cb9c6a3bba98b5203e597798e461fc7
116,The Chordettes,Lollipop,1958,https://www.youtube.com/watch?v=_kXKUSAbvuM,Lollipop,03e098aa6557feaffcb5b40420736ac1ed36b5693162cafadddd0d694ceab6b2
117,50 Cent,In Da Club,2003,https://www.youtube.com/watch?v=_VXUiAJi5KY,In Da Club,fb6eb84ea5e3fd38e6d2577e21ca08ff84f1df2f1b86c9dcc173127015c09368
118,Mark Ronson (feat. Amy Winehouse),Valerie,2007,https://www.youtube.com/watch?v=j8EEtnzLzaA,"Amy Winehouse, Mark Ronson - Valerie (Version Revisited) (Official Audio)",558055e7445d1e55c8520b6b6d2b4e8aadeb9106ff90a81e5d37d067be288818
119,Aretha Franklin,Respect,1967,https://www.youtube.com/watch?v=9iayJ8u4Qew,Respect,b3b49901cb7f050808d3c6ba031f0fba5c8e06235f5fb0cae161398568734c4b
120,Manfred Mann,Do Wah Diddy Diddy,1964,https://www.youtube.com/watch?v=1UingsUi0mI,Do Wah Diddy Diddy,462e7b973ae8eabf2af29d5af045c47986fc281f1fb78b1362d2ecb81176c884
121,Pharrel Williams,Happy,2013,https://www.youtube.com/watch?v=ZbZSe6N_BXs,Pharrell Williams - Happy (Video),7878bf7cbe23768f8a8f4b541acdee6f6a9edf95f761e3839b03082897a9d4fc
122,Amy Macdonald,This Is The Life,2007,https://www.youtube.com/watch?v=sXA5OILKitY,This Is The Life,c788451b07850c196b7f76afe33c02ab1fc80a8f402e97b1865097e74da83a65
123,Cliff Richard,Congratulations,1968,https://www.youtube.com/watch?v=770f-pwPe4o,Congratulations,c0427a75afd3077b47fdb332bc73fb4c535d6173857dd4c90e19462228a6413f
124,Aloe Blacc,I Need A Dollar,2010,https://www.youtube.com/watch?v=cV9mMLDKIbI,I Need A Dollar,45f1942e270dbe78e497ebb8f57831df6c5f5c5a51ed6391e7e5fd80dc9aaa1c
125,Bobby Darlin,Dream Lover,1959,https://www.youtube.com/watch?v=wVHAQX5sSaU,Bobby Darin - Dream Lover,5611ccfb5b4779b55bc32a23011eed949234531ac56e03ba21717147e2fe9963
126,Limahl,Never Ending Story,1984,https://www.youtube.com/watch?v=2WN0T-Ee3q4,Limahl - Never Ending Story (Official Music Video),a9b3c13f394b01638d8b397878b18f287bfc905944f4fbb6939864179acd971c
127,The Verve,Bitter Sweet Symphony,1997,https://www.youtube.com/watch?v=1lyu1KKwC74,The Verve - Bitter Sweet Symphony,bc487057389be8a9756812a9fe0f147f9477c47bf1a9f651963558bb49356f33
128,Steppenwolf,Born To Be Wild,1968,https://www.youtube.com/watch?v=igvP806798U,Born To Be Wild,1eacb6a1259de601de99851ad0e9e1881c499f00dba9a122943f2df049fcd6d7
129,Natalie Imbruglia,Torn,1997,https://www.youtube.com/watch?v=UOJkzcJigGI,Natalie Imbruglia - Torn (Official Audio),52cfe8814fd956aa5e11a19c22b2e70246d8c04e2ec369dff7042b5d5ee83daf
130,Crowded House,Don't Dream It's Over,1986,https://www.youtube.com/watch?v=xwsaVHiiFQ8,Crowded House - Don't Dream It's Over (Audio Remastered) (HQ),d0eaf0b2032c5243a3d6af2fca44d98c62296fd0a5676084e70d849149b82817
131,Queen & David Bowie,Under Pressure,1981,https://www.youtube.com/watch?v=nbwn21TU4ec,Under Pressure (2017 Remaster),c77e0f7b264af5fbf74d4e861306cfe047fcf918f106fed975fb86f1c3235d4e
132,Robbie Williams,Feel,2002,https://www.youtube.com/watch?v=eK_tpyqtnsg,Feel,794b88f42bf45128f7a5881cde556a1594d12579b611827f2bb76222825b6802
133,Stereophonics,Have a Nice Day,2001,https://www.youtube.com/watch?v=tgkeg5sjPP4,Have A Nice Day,618a5eb21d3214a12cdf124fb01dee0efd48133e7451bf170a93c58debaad5ef
134,U2,With or Without You,1987,https://www.youtube.com/watch?v=ujNeHIo7oTE,U2 - With Or Without You (Official Music Video),0b4b38f35fd86ad9faab7ec0dbd14265ce998044bbe56e4228e7c89073657f12
135,Vanilla Ice,Ice Ice Baby,1990,https://www.youtube.com/watch?v=rog8ou-ZepE,Vanilla Ice - Ice Ice Baby (Official Music Video),16415a1a9c3ba4beccefdba33e9bd6b8c78a728e47c0e7360d586c0dd9431e68
136,The Cranberries,Zombie,1994,https://www.youtube.com/watch?v=8sM-rm4lFZg,Zombie - The Cranberries (Lyrics) üéµ,88ca0e4f66be807932f0a51348a8e36831d36649bddf70f2122d10c84752b008
137,Lipps Inc.,Funkytown,1980,https://www.youtube.com/watch?v=Z6dqIYKIBSU,Lipps Inc. - Funkytown (Official Audio),a56a5f9dd4db6505a6f985e18c92e2d45942b4253ea70094211eaebe8ab1f37a
138,Justin Bieber,Anyone,2021,https://www.youtube.com/watch?v=Yxpyo4nCvKY,Justin Bieber - Anyone (Lyrics),ccf18e16efc7468d950aca745bbd734c0505d50f201be11b823f7333d950f749
139,Guns n' Roses,Sweet Child O' Mine,1987,https://www.youtube.com/watch?v=oMfMUfgjiLg,Sweet Child O' Mine,d1756dc70288866e1984c58bbb0348e1b6d2863b4d6496db796821bd03c373b9
140,TOTO,Africa,1982,https://www.youtube.com/watch?v=FTQbiNvZqaY,Toto - Africa (Official HD Video),7bca89f29ffc2a3f692285af89d200b2ad045e02c99ff4e75cceb8f4864b93f0
141,Eagle-Eye Cherry,Save Tonight,1997,https://www.youtube.com/watch?v=ZI2lAhQtLBc,Save Tonight,50e7e2d81c962084ccb9763771c3198204c9452eaddac76de8f36de80701d82f
142,Faithless,God Is a DJ,1998,https://www.youtube.com/watch?v=bhSB8EEnCAM,Faithless - God Is a DJ (Official Video),7ef9df67a370672fa57c13ceabda474cdc3b4646c02c6cf63fbf8e3395b715b3
143,No Doubt,Don't Speak,1996,https://www.youtube.com/watch?v=1leInEAlbjY,No Doubt  - Don't Speak,64f6f3f6d9675435fd7c9b0ec64de13efdbe72f201fc786faa2464a95d85586d
144,Kay Starr,Wheel of Fortune,1951,https://www.youtube.com/watch?v=OeIce5NsWKk,Kay Starr - Wheel Of Fortune 1952,69bbca11660a5c6b616ffd83eb99b309e5562517c6847898a12e2926f76b2160
145,Chumbawamba,Tubthumping (I Get Knocked Down),1997,https://www.youtube.com/watch?v=2H5uWRjFsGc,Chumbawamba - Tubthumping,dc03eefb78656f4f5ac36e8caa7e105d82dac554704026d008d920aafe0549ee
146,Little Eva,The Loco-Motion,1962,https://www.youtube.com/watch?v=24Neyv2crh4,Little Eva - The Locomotion,24cf5c052069f86a7705eedc2f2c066cf36fa19078306862a9c3750cc7d8831f
147,The Everly Brothers,Bye Bye Love,1957,https://www.youtube.com/watch?v=LRyrWN-fftE,Everly Brothers - Bye Bye Love - Original HQ Audio,9a24a9b92574d5f5661d30880ecf00ce3574e9ebf48b43735fa020c638b9243e
148,Roddy Rich,The Box,2020,https://www.youtube.com/watch?v=IxJjY5T9yag,The Box,eaf7466f715beb911a81d78af29e7206d1bf62b6749327e7969d726219a6e0f2
149,Harry Styles,As It Was,2022,https://www.youtube.com/watch?v=H5v3kku4y6Q,Harry Styles - As It Was (Official Video),ec2ef492687f389353eb8738a7ff1023c6eba030c1e5560e21f60bb5ba2d54ff
150,Taio Cruz,Hangover,2011,https://www.youtube.com/watch?v=hToYLtkLwlw,Hangover,6be00441ec820eb68a6fd14e0bc415f4d381492797de89479542e46a31c76003
151,Sia,Cheap Thrills,2015,https://www.youtube.com/watch?v=31crA53Dgu0,Sia - Cheap Thrills (Performance Edit),e26a26114d3a7f397cdfa2184f35fad1ab7f7c6cad932170028da29665f73934
152,Shania Twain,That Don't Impress Me Much,1998,https://www.youtube.com/watch?v=mqFLXayD6e8,Shania Twain - That Don't Impress Me Much (Official Music Video),463f083b4e1d15ec603480b2023abbaa185dfbb7d07b2cbcbbdb679c23174777
153,Moby,Porcelain,1999,https://www.youtube.com/watch?v=Mw3LlFb0rRA,Porcelain,2b7aa35a0fa6c96113e78f7276567cbc7165f005f977f7906ae7ba042bce94a8
154,Lynyrd Skynyrd,Sweet Home Alabama,1974,https://www.youtube.com/watch?v=-p8GXZcdrIk,Lynyrd Skynyrd - Sweet Home Alabama (Lyric Video),9d441c7491c5516374e5629ba3ae328b2321a0946d9958af48c75afca31c2051
155,Bob Marley & The Wailers,No Woman No Cry,1974,https://www.youtube.com/watch?v=pHlSE9j5FGY,Bob Marley - No Women No Cry (Original),5f19d9b281f9f139f5c919a87163a8e8098176ca24ac4c832f78d99920c5f010
156,Harry Styles,Adore You,2019,https://www.youtube.com/watch?v=iquhBgM-Qv0,Harry Styles - Adore You (Official Audio),509340ba98b4c6798467074ceac94bf6c039a03b6385f2b4f8e06661ebc9e7bd
157,TLC,Waterfalls,1995,https://www.youtube.com/watch?v=A_iTphwVNYs,Waterfalls,62969c667e0e8d54b0941b73c0c5fec8df414ab76ad9b336b005200bac720cbb
158,Bill Medley & Jennifer Warnes,(I've Had) The Time Of My Life,1987,https://www.youtube.com/watch?v=4BQLE_RrTSU,"Bill Medley, Jennifer Warnes - (I've Had) The Time Of My Life (Official HD Video)",e64a7fa9c67ae33d4af3e5dd729884adb406a0d38fa58c84228edcf437ee2cd4
159,Stevie Wonder,"Signed, Sealed, Delivered (I'm Yours)",1970,https://www.youtube.com/watch?v=inXC_lab-34,"Stevie Wonder- Signed, Sealed, Delivered, I'm Yours",e4a15e7d4c4e7bd084da77d8f797be37ebcf2f8a9794b46d1ab635ed4610ecf2
160,Marvin Gaye,I Heard It Through The Grapevine,1968,https://www.youtube.com/watch?v=VWG3npfEoHo,I Heard It Through The Grapevine,9623f7e2f5923c87c0fd9ae2ac0ebd175fbc53f21ad2e7e862ff1619a126b295
161,Creedence Clearwater Revival,Have You Ever Seen the Rain?,1970,https://www.youtube.com/watch?v=bO28lB1uwp4,Creedence Clearwater Revival - Have You Ever Seen The Rain,b6e12530788e5d77427b9590d47725c5ae9980a7105b6fe46a5c410401084e9d
162,Chicago,If You Leave Me Now,1976,https://www.youtube.com/watch?v=-9_d-sFhmRM,Chicago - If You Leave Me Now (Official Audio),1eabc29ea89ef03c558e4220ba9e799eed808640ca4bd8f01c0e87e47398aaad
163,Bruce Springsteen,Dancing In The Dark,1984,https://www.youtube.com/watch?v=8cNS_Mecbw8,Bruce Springsteen - Dancing In The Dark,ab771c24882ca71333bbd49ce79868209385d1f27ece2e1ccac5b80d2975d7ff
164,Billy Idol,White Wedding,1982,https://www.youtube.com/watch?v=DP8A3ZfwYj0,Billy Idol - White Wedding (Remastered),b858b1a311bc307b2d4fd4b647b7af6aa7e9a22ec8be1941a70c8b266b1cb5d0
165,Miami Sound Machine,Conga!,1985,https://www.youtube.com/watch?v=5SXX-pWzOY8,Conga,39e85f86876f37ed18718ac13fbaf020047402586aef186b13d2887bd65c4212
166,Sam The Sham & The Pharaohs,Wooly Bully,1965,https://www.youtube.com/watch?v=KZJiGu6Gz8E,Sam The Sham & The Pharaohs Woolly Bully,f45f09b728458800ffcecd4b2c383e6f1f3748498a662630b7dc3bc57d8d9126
167,Mika,"Relax, Take It Easy",2007,https://www.youtube.com/watch?v=RVmG_d3HKBA,"MIKA - Relax, Take It Easy",07f03f7236980c1ed3a95cdfdb6c592b7949fa22b7d02a9ed4b76fffe1125ee9
168,Whitney Houston,I Wanna Dance With Somebody (Who Loves Me),1987,https://www.youtube.com/watch?v=id2-K3daNRQ,I Wanna Dance with Somebody (Who Loves Me),3436bdfc5bd1ac10347cacf275a7f5b0b952e1f68381fd4e857315d8c1f95813
169,Culture Beat,Mr. Vain,1993,https://www.youtube.com/watch?v=V3qUoiwr5kQ,Mr. Vain,f01693d066cec43d39886a5f62cf6793b2722d5474e696149ce9acb20243ea3d
170,Adele,Set Fire To The Rain,2011,https://www.youtube.com/watch?v=a2giXO6eyuI,Set Fire to the Rain,d7e7693b5fb8cddf240d492b6b87da8bbc1418413b466ac097fd0b94913e7059
171,Coldplay,Viva La Vida,2008,https://www.youtube.com/watch?v=dvgZkm1xWPE,Coldplay - Viva La Vida (Official Video),4978685807e342187b61111c890668dc84e819346dc3c1371658caa336724eee
172,George Michael & Aretha Franklin,I Know You Were Waiting (For Me),1987,https://www.youtube.com/watch?v=48SfMCr0PpY,I Knew You Were Waiting (For Me),2ffe7321455d6eae813d5bd4b21c208a9f1f2e87876ac403550b9dfbaa757d0a
173,ABBA,Waterloo,1974,https://www.youtube.com/watch?v=Sj_9CiNkkn4,ABBA - Waterloo (Official Music Video),c646d8b8ee151cfc64a3035caf9e94a1cadfd70ce317c6edf68ff3cec415506d
174,Michael Bubl√©,Haven't Met You Yet,2009,https://www.youtube.com/watch?v=rqthwCypho4,Michael Bubl√© - Haven't Met You Yet,e575f73d3ab2b125f5628d9326e2069d16adfbd03f940bde30c7f05c0d09c0ab
175,Carly Simon,You're So Vain,1972,https://www.youtube.com/watch?v=j13oJajXx0M,Carly Simon - You're So Vain,65404ec60abd91fd489837973aaaf811874f9b6e7d67105a858596bbc1db2f8f
176,The Kinks,Lola,1970,https://www.youtube.com/watch?v=LemG0cvc4oU,The Kinks - Lola (Official Audio),77706b32c3d363335c2d516bcb05bfead76e63b83587c2e89bd3204a17ee6e6f
177,BTS,Dynamite,2020,https://www.youtube.com/watch?v=Mzk6KkyxXC8,BTS - Dynamite (Lyrics),bae7592edcbf1a02fa8c1e647881adfe581dff2a944973f01b8bde2ac264ef19
178,Eros Ramazzotti,Pi√π Bella Cosa,1996,https://www.youtube.com/watch?v=luj0L5SZQwM,Pi√π bella cosa (Remastered 2021),be6b26a800a98da1eaca228d80aa3d7b9287ed17792b72e199193ce29738d619
179,Nickelback,How You Remind Me,2001,https://www.youtube.com/watch?v=hhSLkkLl750,How You Remind Me,f52eaa9ef7ec96166acba718d78423498788921c9bd9ab290633f700b53b4c80
180,Lorde,Royals,2012,https://www.youtube.com/watch?v=nlcIKh6sBtc,Lorde - Royals (US Version),e4c9b66057e248f5b33a4872bd6e6fabfdc1cc893543037f5a12cd1abada3424
181,Katy Perry,Firework,2010,https://www.youtube.com/watch?v=pf0dhYEFn8s,Firework,523b460a3bc7ff689d0f5afec729c73940ddc82945108af770c13cd59fc3103f
182,Captain Jack,Captain Jack,1995,https://www.youtube.com/watch?v=0Bb_w7nOBwg,Captain Jack - Captain Jack (Official Video 1995),88c923ee42eee36e99e21c0f962c8c4cb47e04f3d91388a8416944edb94e8b36
183,Amy Winehouse,Rehab,2006,https://www.youtube.com/watch?v=KUmZp8pR1uc,Amy Winehouse - Rehab,e9581d4baf74336dd2b04d0113821ea755473b5eeb9ede61a0478524eb489ba7
184,Loreen,Euphoria,2012,https://www.youtube.com/watch?v=t5qURKt4maw,Loreen - Euphoria (Official Audio),00d5b136e9730ec4b9c3b9216a4a04b8bfee5f61c6966a3902c352ff1292129c
185,Tracy Chapman,Fast Car,1988,https://www.youtube.com/watch?v=AIOAlaACuv4,Tracy Chapman - Fast Car (Official Music Video),f725ae6d64a1b8d739ff2495663ed9af00babc422df55f993f4f5e71b80c965e
186,Neneh Cherry,Buffalo Stance,1988,https://www.youtube.com/watch?v=rFXhBEj6mEE,Neneh Cherry - Buffalo Stance (Remastered),8fcff0edea6f1f5149f81add399b9b8874650df767005fde013903cdd15ffbcd
187,Outkast,Hey Ya!,2003,https://www.youtube.com/watch?v=RqIRp4QE-1k,OutKast - Hey Ya! (Lyrics),9a0bbafcac075d99c4425ba3e7d77b8b8a04a62adb31d7c3b6ebafa05ec94000
188,Backstreet Boys,I Want It That Way,1999,https://www.youtube.com/watch?v=-aKJE1lanQk,I Want It That Way,f4efc494cd597f6948145bb59c8bf557afc69593061aa627addf023f2618cffb
189,Neil Diamond,"Girl, You'll Be A Woman Soon",1967,https://www.youtube.com/watch?v=K_fZCD93LzQ,"Girl, You'll Be A Woman Soon",c88a0cc27784a48456a0f03c67bd60de8b308250165b86371c4c5cb354e61c15
190,Johnny Cash,Ring Of Fire,1963,https://www.youtube.com/watch?v=1WaV2x8GXj0,Ring of Fire,55ed1d5ee92da1b861b27d8782c3057a5b8ad2ef93537220ea7fd48cef46281f
191,Dr. Alban,Sing Hallelujah!,1993,https://www.youtube.com/watch?v=pKxJca7LLNM,Dr. Alban - Sing Hallelujah (Official HD Video),7c36d4cb6937c3ef9b2d27cc3b653765c1082e71b2f36ccac3a0dab23e85cba0
192,Richard Marx,Right Here Waiting,1989,https://www.youtube.com/watch?v=S_E2EHVxNAE,Richard Marx - Right Here Waiting (Official Music Video),77f87e7cb4b3d44591a338c76c12040395fe3cc142a2f7ef059009bf5c2b3949
193,Gotye (feat. Kimbra),Somebody That I Used To Know,2011,https://www.youtube.com/watch?v=2FZZK8gBBOI,Gotye - Somebody That I Used to Know (2015 Remaster),ede2c12c46487b460488aacfaa215cd4785f16b2da66b9434b3df57b38146fcd
194,"Robin Thicke, T.I. & Pharrell",Blurred Lines,2013,https://www.youtube.com/watch?v=zwT6DZCQi9k,"Robin Thicke - Blurred Lines (Unrated Version) ft. T.I., Pharrell",8c7a18ef0a9426337b85e92ada71c13f2e1780799608299f1d24fe8c61f0bb97
195,Sophie Ellis-Bextor,Murder On The Dancefloor,2001,https://www.youtube.com/watch?v=hAx6mYeC6pY,Sophie Ellis-Bextor - Murder On The Dancefloor,7a882587e6b11c479e385dfb7127d6c0a88e1ecd71eefb427104d92c7e14dda1
196,Kesha,We R Who We R,2010,https://www.youtube.com/watch?v=tCkGsyOYDMI,We R Who We R,2117dcf0bb80ee830583079366c3eb3b702c10d6b7df7360ffd72afbe69a5d9e
197,Daft Punk,One More Time,2000,https://www.youtube.com/watch?v=A2VpR8HahKc,Daft Punk - One More Time (Official Audio),0cc5749b1c2c84b9813cb17537de587bc677a204cd434370dff6b9635bd231c8
198,OneRepublic,Counting Stars,2013,https://www.youtube.com/watch?v=hT_nvWreIhg,OneRepublic - Counting Stars,4f9e977754083f330a1272b1f6d399f5f484cc6cbe51491dd4dd6496fce3de11
199,Rick James,Super Freak,1981,https://www.youtube.com/watch?v=wnKc4zi0MLA,Super Freak,b65573ba23c83b05a53e93c7bb853304405f3a1384ede381799791111500dbf7
200,The Champs,Tequila,1958,https://www.youtube.com/watch?v=U_JFLb1IItM,Tequila,28035f660a05e7001d76f699a34fe57dc949843c8347fcbd8ec4cc45ae461278
201,Corona,The Rhythm Of The Night,1993,https://www.youtube.com/watch?v=OnT58cIJSpw,Corona - The Rhythm of the Night (Official Music Video),ffc5ec1642032c35c857aece7be8f5d1e2c4679afe0f9affeaf75943986b988d
202,Yazoo,Don't Go,1982,https://www.youtube.com/watch?v=_sQGwDeambg,Yazoo - Don't Go (Official HD Video),9dd0727a09d650f14027bda331d36d8e7139cb88448b69f4f246d0448c5e3bd9
203,Alessia Cara,Scars To Your Beautiful,2016,https://www.youtube.com/watch?v=MWASeaYuHZo,Alessia Cara - Scars To Your Beautiful (Official Video),2972fdb326c1a2fce335a55526825d257cb2fcfdd7eaea595fe86ca108efde3a
204,Paul Simon,You Can Call Me Al,1986,https://www.youtube.com/watch?v=uq-gYOrU8bA,Paul Simon - You Can Call Me Al (Official Video),f18367a706ebd69b473142ed8183acfb4b31fb5e46a1df190e10e9ac26537021
205,Bronski Beat,Smalltown Boy,1984,https://www.youtube.com/watch?v=88sARuFu-tc,Bronski Beat - Smalltown Boy (Official Video),4854a0c51fd1d119b8e04e79528844b7e915fc8a4223f5c2e4ee3ce6280b3552
206,Lukas Graham,7 Years,2015,https://www.youtube.com/watch?v=LHCob76kigA,Lukas Graham - 7 Years [Official Music Video],24ecf1fc202432d33e74a711b7baa1a1a8f5c5a24003f15fbdff90b4f2771cae
207,Sam Cooke,(What A) Wonderful World,1960,https://www.youtube.com/watch?v=R4GLAKEjU4w,Sam Cooke - What A Wonderful World (Official Lyric Video),91124220bb99da989fc572f9c5a3e6ee3b6c7049138b4d3d86d9719dfbe53b69
208,The Offspring,Self Esteem,1994,https://www.youtube.com/watch?v=EtNZnhxWLHo,Self Esteem,385e2101e0b48bbbe16b5ddcefad4d460235243c302aa06afa7a312f140a27e3
209,Dr. Dre,Keep Their Heads Ringin',1995,https://www.youtube.com/watch?v=VQAtYyKK9fw,Keep Their Heads Ringin',c86c238fcab2339575b65c418ddf1170d31347718efae247ecb3496db483b7c8
210,Gene Vincent,Be-Bop-A-Lula,1956,https://www.youtube.com/watch?v=sQL_Bv8nbDo,Gene Vincent - Be-Bop-A-Lula,dd26bafb0b573cbc79ff77f630e2fd7802d2ebab9b61fccf56a478de54fecd5c
211,Annie Lennox,Why,1992,https://www.youtube.com/watch?v=Io7_3tlE7h0,Why,9f23e63a90100576648338874abff46b94dd965d17fff5b0e66efd67ecaf99fb
212,Sin√©ad O'Connor,Nothing Compares 2 U,1990,https://www.youtube.com/watch?v=0-EF60neguk,Sin√©ad O'Connor - Nothing Compares 2 U (Official Music Video) [HD],a4f66fd8794f3c92ed8358f839f112cddb139fdba8084fe93df263f2a9a3a0ec
213,C√©line Dion,My Heart Will Go On,1997,https://www.youtube.com/watch?v=p79GmLNLMrY,Celine Dion - My Heart Will Go On (Lyrics),15fe73f07327c739ee56759fdc908c61ad0347a5669ca5a3670469b59903226d
214,Madonna,Hung Up,2005,https://www.youtube.com/watch?v=20OGm_-RebE,Hung Up,034e41bce8a5d6844549b2b551e2532b90edec6fe5f61f062cff3a28cdac8d3c
215,Britney Spears,OOps!... I Did It Again,2000,https://www.youtube.com/watch?v=OO0aTOIU_3w,Oops!... I Did It Again (Remastered),9278adcd625b15d82c42a0c05772cd2d486479c4fcb11a110d6caad5727124b7
216,Dire Straits,Walk Of Life,1985,https://www.youtube.com/watch?v=h2a20YL5mvg,Dire Straits - Walk of Life (Official Audio),bce795d9e3b5a6481c1c88a335a66fbb60fd5c99990d80647461e22a2854de7e
217,Mr. Mister,Broken Wings,1985,https://www.youtube.com/watch?v=LpmVp6s-UiY,Broken Wings,a1b3a4f0f069a8413608f40b3ed23b73813af0f3abf2fe78efeade77bc6ae6dc
218,Reel 2 Real (feat. The Mad Stuntman),I Like To Move It,1993,https://www.youtube.com/watch?v=vuo8kD5zF5I,Reel 2 Real feat. The Mad Stuntman - I Like To Move It (Official Video),559efd4724c748613df6a32580add278c32d4797e8d5d7e07ca7d0abdbf6a3e1
219,Rednex,Cotton Eye Joe,1994,https://www.youtube.com/watch?v=mOYZaiDZ7BM,Rednex - Cotton Eye Joe (Official Music Video) [HD] - RednexMusic com,d637f3c9f68734dbef99dd0800b99de1edbd0bf0f66241f49f200b66a41e4678
220,The Osmonds,Crazy Horses,1972,https://www.youtube.com/watch?v=28iHA3501MY,Crazy Horses,93bf982dfd08144d392e0be562a814a185964c6b82f864d6989bbadb8f2c3141
221,Culture Club,Karma Chameleon,1983,https://www.youtube.com/watch?v=JmcA9LIIXWw,Culture Club - Karma Chameleon (Official Music Video),8f84b511feda5b6c84062ec120d8554e66138b6a9b42d6244dec28e8aab9da89
222,Enrique Iglesias,Do You Know? (The Ping Pong Song),2007,https://www.youtube.com/watch?v=UqON44CLaQM,Enrique Iglesias - Do You Know? (The Ping Pong Song),ba157323ec96dcb652ce10178032bb5d437f1dd39526e74f3655dfb4b75b7a6a
223,Jan & Dean,Surf City,1963,https://www.youtube.com/watch?v=ERrwjR4ZlfI,Jan & Dean - Surf City - 1963,1f910eb55ef3b926427d0cef3a3a33dd1ce501f4e122305f5cff58eff6e5df7c
224,Genesis,No Son Of Mine,1991,https://www.youtube.com/watch?v=KZbHcAPsllE,Genesis - No son of mine (1991),d7b0cfb42f7d599ddac2d60ee059fc91eb6bd189ce60aa82eefe3b3448a50a5b
225,Fatboy Slim,Praise You,1998,https://www.youtube.com/watch?v=ruAi4VBoBSM,Fatboy Slim - Praise You [Official Video],d53e45e3977a93b5ddac2710bc8571b7bbf3ecb85ae370213987548d1f287bf5
226,Tears For Fears,Shout,1984,https://www.youtube.com/watch?v=Ye7FKc1JQe4,Tears For Fears - Shout (Official Music Video),5367d47b39573af9f2e13c6180ed5246511870d3da1caf74d0d548cb3b517ff3
227,The Beach Boys,Surfin' U.S.A.,1963,https://www.youtube.com/watch?v=KcZn05qxVgg,Surfin' U.S.A. (Stereo),102c56bcfc1b092cdf633cde6a9876bc015350f1893a03f66342043a0fc54e1c
228,The Mamas & The Papas,"Monday, Monday",1966,https://www.youtube.com/watch?v=VsIjOKCxRSE,"Monday, Monday",abdbffc2488bb5ec60289a5e4c93b84895fee72ad345632ad4c377453d7b5500
229,Jessie J (feat. B.O.B),Price Tag,2011,https://www.youtube.com/watch?v=wukKxuxKZMU,Price Tag - Jessie J (Lyrics) üéµ,fd0e0b122db9b884fb334ac184741951e608c8f32c0a7e8b3399837954178876
230,Dion,The Wanderer,1961,https://www.youtube.com/watch?v=SbYa7NBYyRc,The Wanderer,30f85eb0e4d108a63a7f71beaf20508c7e1a47526a3c3c49f7c67c19f3a1e1dd
231,Ace Of Base,All That She Wants,1992,https://www.youtube.com/watch?v=7VBI2wcKxGU,All That She Wants Lyrics - Ace of Base - Lyric Top Song,e17dd03c760d975b246d17d1bfc41faf602567b694d1dbaa6169821fd500f4b1
232,Bob Sinclair (feat. Steve Edwards),"World, Hold On (Children Of The Sky)",2006,https://www.youtube.com/watch?v=XpdpW0z9xnQ,Bob Sinclar - World Hold On (Official HD Video),75b36c8feb13bf8f15a35ca2277903f25791e5a27f91b4e25d4376d19cf9a1c7
233,Blondie,Heart Of Glass,1978,https://www.youtube.com/watch?v=WGU_4-5RaxU,Blondie - Heart Of Glass,4641f4f8d037f3964cf1f43d0a25ca94e3cd4d24938be4187bf73689a50a2783
234,Christina Aguilera,Genie In A Bottle,1999,https://www.youtube.com/watch?v=kIDWgqDBNXA,Christina Aguilera - Genie In A Bottle (Official Video),cc8aedb31c217d8fb7de7985e4f5de12c1d6a6a96ee99a186d02eea8dfc0aab0
235,Chic,Le Freak,1978,https://www.youtube.com/watch?v=7KP7bdFv_qg,Le Freak (Edit),b00dc35d890fc132bf52a7b6e301533e8f1cc690cbd9d8b1d936b6666dec0961
236,Train,"Hey, Soul Sister",2009,https://www.youtube.com/watch?v=kVpv8-5XWOI,"Train - Hey, Soul Sister (Official Video)",2e631b35f67c4675ccfc7b47189974ec12e0c3964cc47b6abadc5ffdab34024b
237,Patrick Hernandez,Born To Be Alive,1978,https://www.youtube.com/watch?v=9UaJAnnipkY,Patrick Hernandez - Born to Be Alive - Official Video (Clip Officiel),4a7126a0e1032e034f45a0ce3291fc3d1aa964425d73a44f6b940f2bbccc70de
238,Jimmy Cliff,You Can Get It If You Really Want It,1970,https://www.youtube.com/watch?v=Jg7qsW8qboE,You Can Get It If You Really Want,ed4f4c7f6063f76f8e7ac418ff6fcdf1b2d599401eb6be6c3d73f1e70b2b7418
239,Alanis Morissette,Ironic,1995,https://www.youtube.com/watch?v=H4bIXVTsJck,Ironic,edbbf31f6637a555323e85ce5cf29c1e7df959471f38ac612020b712ef39ae93
240,Bobby Vinton,Blue Velvet,1963,https://www.youtube.com/watch?v=icfq_foa5Mo,BOBBY VINTON-BLUE VELVET,8e1c74a8deef20539838944a2ca58bbf701a7472ec2dec7b8a6634413de2f8dc
241,Simple Minds,Belfast Child,1989,https://www.youtube.com/watch?v=GzdBl75b_pU,Belfast Child,dc808f4fe54b8a4e530b8809c6f1c6b85dee0f02001b4248e73f379ec70519a7
242,James Blunt,You're Beautiful,2005,https://www.youtube.com/watch?v=M_q82PPHduI,James Blunt - You're Beautiful (Lyrics),3dcfa5263dc4521ea9521e5c5f1d81cde9a6747022b76a564acda0615c688869
243,Journey,Don't Stop Believin',1981,https://www.youtube.com/watch?v=1k8craCGpgs,Journey - Don't Stop Believin' (Official Audio),0a9c04e9c7edf4a902299ea8dab66b1800009b0f68bf6c82e1390ab60c8dd802
244,Destiny's Child,"Jumpin', Jumpin'",2000,https://www.youtube.com/watch?v=hDqhXMQuSHg,"Jumpin', Jumpin'",c9812447c6e1ab2b112223880de5059b75d1c8470b7b0436ea4e53b1fa31e820
245,Ray Charles,I've Got A Woman,1954,https://www.youtube.com/watch?v=CnI_LuCJ4Ek,Ray Charles - I got a woman,4a3b10b8c782f28d75ebcc4af005b5dda33a73894842ad89e4880b350aa192bd
246,Jay-Z & Linkin Park,Numb/Encore,2004,https://www.youtube.com/watch?v=_1oO4wzPCmE,Numb / Encore (Official Audio) - Linkin Park / JAY-Z,0757764595b0dc4865b1402f282286e562751f6bc3d745dda43f1ddc18f646e9
247,Dua Lipa,Break My Heart,2020,https://www.youtube.com/watch?v=Nj2U6rhnucI,Dua Lipa - Break My Heart (Official Video),d9e434efde0a04e878c73b356dac6822f82ea6cf7f6d8df172be0c64be3b618a
248,Chubby Checker,The Twist,1960,https://www.youtube.com/watch?v=-CCgDvUM4TM,Chubby Checker - The Twist (Official Music Video),3e45f1259620f3c41277f13823d65da880a07a474afb1489b8417eb4c6016734
249,Hanson,MMMBop,1997,https://www.youtube.com/watch?v=XEebGBGZwj8,MMMBop,8ca8661197aab80f327338c926695d7413f3ac8391eb078fcadb79812fac23e8
250,Simply Red,Holding Back The Years,1985,https://www.youtube.com/watch?v=yG07WSu7Q9w,Simply Red - Holding Back The Years (Official 4K Remaster),7e8a2644fccfc5770411a7d7edf65ab4a710dc6b09e18146f588368ada7e2acd
251,Jennifer Lopez,If You Had My Love,1999,https://www.youtube.com/watch?v=tT5g7I-Itc8,If You Had My Love,bf5fa0d70d2072a84200757a86bb74a537d8c210936cb651f9ed13dc433879dd
252,Alphaville,Forever Young,1984,https://www.youtube.com/watch?v=t1TcDHrkQYg,Alphaville - Forever Young ~Official Video,3f1f69bc30822068f62216b4835683159b2562b0acc83672c782435cc38adc84
253,Lizzo,About Damn Time,2022,https://www.youtube.com/watch?v=JsOVJ1PAC6s,Lizzo - About Damn Time (Lyrics),d084a4c7b50616fb1f445e166030cb5f17ba46a7e5bd5030647f3352808cbb1c
254,Tones And I,Dance Monkey,2019,https://www.youtube.com/watch?v=1__CAdTJ5JU,Tones and I - Dance Monkey (Lyrics),d2f8779858f42120c620f2e19002831c3d6c0888e9dbc38a4b55f416525911a1
255,The Byrds,Mr. Tambourine Man,1965,https://www.youtube.com/watch?v=oecX_1pqxk0,Bob Dylan - Mr. Tambourine Man (Official Audio),92057ad290742b00b27ed4f060b8d964bcff2d886ece6a4fcfc1138c21431c9e
256,Red Hot Chili Peppers,Under The Bridge,1991,https://www.youtube.com/watch?v=GLvohMXgcBo,Red Hot Chili Peppers - Under The Bridge [Official Music Video],0e49a9153d69eaf48a351487d70e5ef54902a5b31ffbed0df6bebb6c81cf4fc3
257,√Ålvaro Soler,La Cintura,2018,https://www.youtube.com/watch?v=Eg4LUvUjUWI,Alvaro Soler - La Cintura,33443116ae0689d0c9cef0a7483b4573ee432c1de535cbcacc7649978642f505
258,Kool & The Gang,Celebration,1980,https://www.youtube.com/watch?v=3GwjfUFyY6M,Kool & The Gang - Celebration,cfeb9c93963d34289364d6aa7859feeab8e04e96584f6e68274fee8c9d6c3492
259,Usher (feat. Lil Jon & Ludacris),Yeah!,2004,https://www.youtube.com/watch?v=GxBSyx85Kp8,"Usher - Yeah! (Official Video) ft. Lil Jon, Ludacris",58d0fb45c9c292e3d80891b7a87f3d62d7ae912c6a278e77ff4bda4b00b81877
260,The Turtles,Happy Together,1967,https://www.youtube.com/watch?v=pSw8an1u3rc,Happy Together (2016 Remaster),6f7f91fccfed1042533f3756062a0fc34be71b0140170f6512ac662f36e974a6
261,Fats Domino,Ain't That A Shame,1955,https://www.youtube.com/watch?v=I6JZW7zMDfY,FATS DOMINO - AIN'T THAT A SHAME 1955,badad5eb18c4369870805ada01af0b419bd5ae71ea12ef3030fdb77e5ed9c71c
262,Roxette,Joyride,1991,https://www.youtube.com/watch?v=xCorJG9mubk,Roxette - Joyride (Official Video),c6079429a3075801a21f542944b1ba3db95e930ae6b4242b1227f5d477a4fef6
263,Lenny Kravitz,Fly Away,1998,https://www.youtube.com/watch?v=EvuL5jyCHOw,Lenny Kravitz - Fly Away (Official Music Video),22ac06d7b5f66eae30835879a0bfa2e76c072dcff6334dfebf8755b09c199d33
264,Modjo,Lady (Hear Me Tonight),2000,https://www.youtube.com/watch?v=vRB1MLGEHSc,Modjo - Lady (Hear Me Tonight) (Radio Edit) (HQ),b7de8bd17e941a1ba60836ef68c6615ab5d5257e4d1efcabca7e02957eaaf304
265,KC and the Sunshine Band,Give It Up,1982,https://www.youtube.com/watch?v=N2Gi4Y4JzOA,KC - Give It Up (Digital Video),184e9e24ec26dd928e728488538ef7ba5d88cb43a5ff75ff590f5298fb104101
266,Eric Prydz,Call On Me,2004,https://www.youtube.com/watch?v=L_fCqg92qks,Eric Prydz - Call On Me,f4af95b548aa7158683ffb4666641576b4d868d855e2e01f5820290aa4e12470
267,Alicia Keys,Fallin',2001,https://www.youtube.com/watch?v=Urdlvw0SSEc,Alicia Keys - Fallin' (Official HD Video),77a24b17619093736abc0ba771cc55b41c4e24ce81d4491eba2e8f8854d2b4b8
268,Shawn Mendes & Camila Cabello,Se√±orita,2019,https://www.youtube.com/watch?v=dFp_b5DPIIo,"Shawn Mendes, Camila Cabello - Se√±orita (Lyrics) Letra",e64b145c3e739f85359aabe2630cd7081cb268d09c9a709130c203a5fdecd8d2
269,Mary Wells,My Guy,1964,https://www.youtube.com/watch?v=4WT7nBGX5eU,Mary Wells - My Guy,15760f3b99e84d74a3fa847c90c54a221556f28295f57ed5c7d6aaabfc7296f1
270,Sonny & Cher,I Got You Babe,1965,https://www.youtube.com/watch?v=HKGjCPBSG38,Sonny & Cher - I Got You Babe (Official Audio),213677cf436506f8b111185a335756c9c5545b7a0993094c740aedd63a2dac60
271,Kelly Clarkson,Because Of You,2005,https://www.youtube.com/watch?v=Ra-Om7UMSJc,Kelly Clarkson - Because Of You (VIDEO),aec78f643cb0750924dd3d5d8c0e98b4058e46c8323ff8e55f1dc242525c2390
272,Sister Sledge,We Are Family,1979,https://www.youtube.com/watch?v=uyGY2NfYpeE,Sister Sledge - We Are Family (Official Music Video),952ecbacd4c1b4f2d1fb31ff3b836c6aa619d76f19400b4fb74563457d2de126
273,Elton John,Your Song,1970,https://www.youtube.com/watch?v=FT3D1Cu6g10,Your Song,cd4fcee7a74668065835d0ec921dc71881088260f3de52b450e29adfc26ec4a6
274,Tom Jones,Green Green Grass Of Home,1966,https://www.youtube.com/watch?v=EmT1ptv3VEc,Green Green Grass Of Home,99075f7a5e2c6fc03c049c3038ea7559a3ea900bda8952ab16145b3eabe0368e
275,Bryan Ferry,Let's Stick Together,1976,https://www.youtube.com/watch?v=Z9EbR0ckb40,Bryan Ferry - Let's Stick Together,737fa4769c37125cfbc2cca6e7b531517bb095f45730271db5fd9596292ee1a3
276,T.Rex,Bang A Gong (Get It On),1971,https://www.youtube.com/watch?v=OoAGyG7BeE4,Bang A Gong (Get It On) (Electric Version),c9ae7a7baaa3dca1ee3f85aabc3f1eccc07586f0e1e9cfff15905b5e94969a9c
277,Beyonc√© (feat. Jay-Z),Crazy In Love,2003,https://www.youtube.com/watch?v=ViwtNLUqkMY,Beyonc√© - Crazy In Love ft. JAY Z,7e31969c34b63b85fb7182b566979e0b79d5d17ef946556e31841e166e6bd500
278,Dean Martin,That's Amore,1953,https://www.youtube.com/watch?v=OnFlx2Lnr9Q,Dean Martin - That's Amore,15512ac5669d76d2812597d010eefdbbe0f2d85f464fcf96ca374f2654cefa59
279,Don McLean,American Pie,1971,https://www.youtube.com/watch?v=PRpiBpDy7MQ,Don McLean - American Pie (Lyric Video),673d498b2a6173b71479bf68c091870a6dd86d8ec20f33ed6a12283eb9cf1f87
280,David Bowie,Life On Mars?,1971,https://www.youtube.com/watch?v=E7taBfKJjUw,David Bowie - Life On Mars? (2021 Remaster),06f564000b82a9588d3b9824e4b376714fe393e8fde252e06e08ca595d67c29f
281,The Beatles,Get Back,1969,https://www.youtube.com/watch?v=IKJqecxswCA,Get Back (Remastered 2009),b12dd7b6e9220731f1f15d62178c054e03b47fcca77a7aa1735479080fe5a824
282,Olivia Rodrigo,Drivers License,2021,https://www.youtube.com/watch?v=tNJhkrpLGT8,drivers license,d37aa1106188d27ee866f87e5dd8588e456c8f78658e55774993fed830d8e275
283,Avicii (feat. Sandro Cavazza),Without You,2017,https://www.youtube.com/watch?v=WRz2MxhAdJo,Avicii - Without You ‚ÄúAudio‚Äù ft. Sandro Cavazza,c89256563a05da06fb985311c7e16837e3d5c7524bb4479a0456fe22fc3a8501
284,Joe Cocker,With A Little Help From My Friends,1969,https://www.youtube.com/watch?v=eXV4WyQMHFM,With A Little Help From My Friends,185cd640c388611767af86b02e42dc49ef307327af2b34ab75bf00210eaa6c3e
285,Bruno Mars,The Lazy Song,2011,https://www.youtube.com/watch?v=fLexgOxsZu0,Bruno Mars - The Lazy Song (Official Music Video),cae29c8ec65468e5bdf3254790312e868a119c5bcaeaa1ff395fbc2e3b2c4a69
286,The Arrows,I Love Rock 'N Roll,1975,https://www.youtube.com/watch?v=cJzPLhDf3-8,The Arrows - I Love Rock 'n' Roll (1975),ba34a0588ff1dceeb0ffa167f3b51f3ad3ab290a75c189fd1c6e72ca01d6fece
287,Corinne Bailey Rae,Put Your Records On,2006,https://www.youtube.com/watch?v=E-_JcJiUOII,Corinne Bailey Rae - Put Your Records On (Lyrics),641ecea15512d9ba9e9f7b0c54eaea3c3544b879a485579ce809df0dbefc7c5d
288,UB40,Kingston Town,1989,https://www.youtube.com/watch?v=2UOY1JeFvAw,Kingston Town (Remastered),e7c667d8ebdc1e73211b1b7c378562005529af8bcff17a45f1a072475aef8c4f
289,Van McCoy,The Hustle,1975,https://www.youtube.com/watch?v=SFzMs2SN--s,Van McCoy - The Hustle (Official Music Video) [HD],79924af33f66477dbbb36f46c7ab117ee17f6fc3e51c0c8810d3c40bbe588054
290,Drake,Toosie Slide,2020,https://www.youtube.com/watch?v=dGYxT1QReQs,Drake - Toosie Slide (Official Explicit Audio),697d6ab65aacbabd071157e356a3063a9bd30914f0f237fcff179c12e7250e76
291,Lady Gaga & Bradley Cooper,Shallow,2018,https://www.youtube.com/watch?v=BpIf43m2ZQI,Shallow (Radio Edit),5c8e75683198587225fde9258d6ba6d168eb188ecd4fb756581e3febc5837d78
292,Lewis Capaldi,Someone You Loved,2018,https://www.youtube.com/watch?v=FGGo8LFmbjs,Lewis Capaldi - Someone You Loved (Lyrics),2592d79ae1cada12e3d5aa1bc10080cd9e30cdb1b50c97cddfc63cee116589ea
293,Lady Gaga,Poker Face,2008,https://www.youtube.com/watch?v=bESGLojNYSo,Lady Gaga - Poker Face (Official Music Video),7ab456a6e035796c5935d3b39de0948e5db928560a29f22e28d36c5375548ec5
294,Shakira,Waka Waka (This Time For Africa),2010,https://www.youtube.com/watch?v=rjJKXxUx2PU,Shakira - Waka Waka (This Time for Africa) (Audio),c4d91f6d0546057213ec759d6755982a8e6d7389ee2ab87482a3d1640f286971
295,The Isley Brothers,Twist And Shout,1961,https://www.youtube.com/watch?v=cTaqn8_gMR0,Isley Brothers - Twist and Shout,0aa2680965505bb182e9e058282757093c53eb5326e7d89364c6db085498675c
296,Akon,Lonely,2004,https://www.youtube.com/watch?v=JISlh7et1w4,Akon - Lonely,2fd776c382720b1a14a1942a55100e6ad248a7b8c47d92efc06758fdc62393c3
297,Donovan,Atlantis,1968,https://www.youtube.com/watch?v=QDh_s8_6pSc,Atlantis,9844d867b840a27240b693c2fb21e90c33b2dddaabfff963e848104f5a50b82b
298,Billy Swan,I Can Help,1974,https://www.youtube.com/watch?v=bgPsM-YWBrE,Billy Swan - I Can Help (Audio),f38f931369cc6616d25424b1ff3585ac72193ec0c867c80c7abea4979ce7b15f
299,Bon Jovi,It's My Life,2000,https://www.youtube.com/watch?v=VyZeqzWvR7w,It's My Life - Bon Jovi (Lyrics) üéµ,58ed8b8fc9fbc58374e0f4d76908e97436f4db341a1197b6f05a215f8b0bbbb4
300,Meat Loaf,Paradise By The Dashboard Light,1978,https://www.youtube.com/watch?v=C11MzbEcHlw,Meat Loaf - Paradise By The Dashboard Light,10aa8dcac3ab5738f16007e213a5330e1c5bd332508d598c9918212fa3113452
301,Juice WRLD,Lucid Dreams,2018,https://www.youtube.com/watch?v=VTG-ForqDk4,Lucid Dreams,b2935813814101157a418efb1ecfb8f5d61386ead5c5719ec2fe0d2fb044e69a
302,Roy Orbison,"Oh, Pretty Woman",1964,https://www.youtube.com/watch?v=9yGFWYP3310,"Roy Orbison - Oh, Pretty Woman (Lyrics)",67c5350ef79595d8ad90b82dcfa274da47904825f5d1ff7d1a0e8414221d5537
303,Ritchie Valens,La Bamba,1958,https://www.youtube.com/watch?v=Coy8Hoa1DNw,RITCHIE VALENS-LA BAMBA,53b115a4bb6e71e161af3088ce3e80718980154541f85e56a01fc55c35280b47
304,Billy Joel,Piano Man,1973,https://www.youtube.com/watch?v=QwVjTlTdIDQ,Billy Joel - Piano Man (Audio),a2aad168e6f73e9acd0d451f7fad95e07a6f9f02181410eb3a7a8f6eb5eed344
305,The Doors,Light My Fire,1967,https://www.youtube.com/watch?v=cq8k-ZbsXDI,The Doors - Light My Fire,6be3f8bbee0c6c41479710531f6a787638c61af3037d5b2094f765af912da5f4
306,The Beatles,Let It Be,1970,https://www.youtube.com/watch?v=QDYfEBY9NM4,Let It Be (Remastered 2009),5f5855eebb574ab6ec7a8af0d1fd494ba2435a62a040419d091498dbc6f4119f
307,Percy Sledge,When A Man Loves A Woman,1966,https://www.youtube.com/watch?v=KwPxhWU1koE,When a Man Loves a Woman (2000 Remaster),e8c2bb797c94d52041f98eebc654fba91b531ab51bed7c40605ef53dd46462cf
308,Duck Sauce,Barbra Streisand,2010,https://www.youtube.com/watch?v=rZZGsRD1aJI,Duck Sauce - Barbra Streisand,1d932fa1c5aad96f248954b18ff1da2919a4d9a3d8a02493708ff92bd1931296
