Card#,Title,Artist,Year,URL,Hashed Info,Youtube-Title,ISRC
1,Walking On Sunshine,Katrina & The Waves,1983,https://www.youtube.com/watch?v=iPUmE-tne5U,19c22c9167e0ca91d413697d52a888ffe2fa23ccd49c5f83e281cb2bf5f6b252,Katrina & The Waves - Walking On Sunshine (Official Music Video),USCA28500452
2,Summer In the City,Joe Cocker,1994,https://www.youtube.com/watch?v=GuyfyTvrZJc,632a8063314e428ac63e109c7d2fb65978bbd35fce98b6cf36a06b758e272cb9,Summer in the City (Radio Edit),USCA29400204
3,Perfect,Fairground Attraction,1988,https://www.youtube.com/watch?v=txapREGWHp0,2632b7f0dffc6f54ad8f7998b00eb08538b6d94fa39705efa9518b993961ae7c,Fairground Attraction - Perfect,GBARL8800011
4,Have You Ever Seen The Rain,Creedence Clearwater Revival,1970,https://youtu.be/u1V8YRJnr4Q?t=16,2ecb57d908ab20ba4c9ab4e8c7741d46ecb57d46dad17fdfc39d9e3891c84d3f,Creedence Clearwater Revival - Have You Ever Seen The Rain (Official),USC4R0817643
5,Je ne parle pas français,Namika,2018,https://www.youtube.com/watch?v=103bx_Waacc,ed25088b38a251706e3ed6bdce4544d2f8957d63b31f33e2fae83df5b61222b0,Namika - Je ne parle pas français (Official Video),DEE861800295
6,One Dance,Drake,2016,https://www.youtube.com/watch?v=qL7zrWcv6XY,99bb05e7b9b8ff31c6af03d002a7f91c9dd19e3fbf43ecfb4cd11b62c82f6c65,Drake - One Dance,USCM51600028
7,Vayamos compañeros,Marquess,2007,https://www.youtube.com/watch?v=blawzJELKf4,1bfd9a76e89fbd8c6270a133438c7f1ad8f04dc452e26e8f259be9e55506e1cb,Marquess - Vayamos compañeros (Official Video) HD,DEA620700217
8,MMMBop,Hanson,1997,https://www.youtube.com/watch?v=NHozn0YXAeE,870761c4706645cea35284f13811944b569531cfbe8d022fdd737eaee64209cd,Hanson - MMMBop (Official Music Video),USMR19786791
9,High,Lighthouse Family,1997,https://www.youtube.com/watch?v=taOL5HJdx1A,b4a0bca14e5e92babaccfde2cd6f5f5634646f289799633c54a922692259fa6a,Lighthouse Family - High (Official Music Video),GBALS9700072
10,All Night Long (All Night),Lionel Richie,1983,https://www.youtube.com/watch?v=nqAvFx3NxUM,b91bb9a2aaecb09767bf1285fd6b0b9d2302db0e6b2d07fb009d37d0a5fa9c7c,Lionel Richie - All Night Long (All Night),USMO18390005
11,Let The Music Play,Barry White,1976,https://www.youtube.com/watch?v=tfFjm-6cbu8,9fa0c26e124d120a2ca0665e559869a1a8a89a43c300237cd297ba9487bd9b96,Barry White - Let The Music Play (Official Music Video),USIR20200274
12,Shut Up (And Sleep With Me),Sin With Sebastian,1995,https://www.youtube.com/watch?v=KTfXUXqtkQw,dc2e94d8601c05cd943cb57e977fd8407ab0c79d374cca63f9f7e476356afa4b,sin with sebastian - Shut up (and Sleep with Me),usx9p1318548
13,Baila Me,Gipsy Kings,1991,https://www.youtube.com/watch?v=lgeUItUZjj4,7311e543414e9e8a483d5b61a67305223c499b2af7c4ff1876de202eec8e7f0c,Gipsy Kings - Baila Me (Official Video),GBARL0700383
14,Summertime,DJ Jazzy Jeff & The Fresh Prince,1991,https://www.youtube.com/watch?v=Kr0tTbTbmVA,572110c147135ab79e48762fe59a2299f8b6c04632c6395bc9b1c8878104efd5,DJ Jazzy Jeff & The Fresh Prince - Summertime,USJI19100002
15,Suavemente,Elvis Crespo,1998,https://www.youtube.com/watch?v=WPiEbYSF9kE,05a9e0fed0c4cb625ad07492795f82d17af5b0107f4153cca5bca2643e8f0edb,Elvis Crespo - Suavemente,USSD19700576
16,I Gotta Feeling,Black Eyed Peas,2009,https://www.youtube.com/watch?v=uSD4vsh1zDA,c90ed7587cc4897fe6054256125f2930b4f0d42d46554b7059121ec71a1fb52d,The Black Eyed Peas - I Gotta Feeling (Official Music Video),USUM70965169
17,The Look,Roxette,1988,https://www.youtube.com/watch?v=LlVI7ZNiFlI,cfe223cf49d1e3f80378c57cb9e2f0e6fe3eac321c75e10b896485348f39cf28,Roxette - The Look,SEAME8878010
18,Mysterious Girl,Peter Andre,1995,https://www.youtube.com/watch?v=iqIq4B1rgl4,f23e20014fe94953983fe67ad2c816400264876320d7a0c7553d7c8dd3fd0ab4,Peter Andre - Mysterious Girl (Official Music Video),GBAHS0400990
19,Breaking Me,Topic,2019,https://www.youtube.com/watch?v=jIoEaTN7GGo,551c06c9ddfdcbd82eb1af807c355297d87b7656b9030dc32adf4c239dcc7d9e,"Topic, A7S - Breaking Me ft. A7S",DEUM71906724
20,Here Comes The Sun,The Beatles,1969,https://www.youtube.com/watch?v=xUNqsfFUwhY,ebb1172eb167b90b1d13c6bf0b1f02e599b3ac3d4619eae86ad7ffaae4dc3ff6,Here Comes The Sun (Remastered 2009),GBAYE0601696
21,Eine Woche wach,Mickie Krause,2019,https://www.youtube.com/watch?v=F9y9-xgbPmM,671deced8dae6e284f60a5bf396c7d61db77740a9b35c08203112e8e73a0192c,Mickie Krause - Eine Woche wach,DEUM71901939
22,Was du Liebe nennst,Bausa,2017,https://www.youtube.com/watch?v=TSkVVVBS9k8,91f9fffc602a137ad6ad8ac6e65b7accce8be01af7b26146749ed1c635f09770,"BAUSA - Was du Liebe nennst (Official Music Video) [prod. von Bausa, Jugglerz & The Cratez]",DEA621702378
23,A Horse With No Name,America,1971,https://www.youtube.com/watch?v=na47wMFfQCo,775fdd8cfff58cc6812590aa6a42672b3d658b79e3fb5978d63ac6d0879d32ff,America - A Horse With No Name (Official Audio),uscgh1180340
24,How Deep Is Your Love,Calvin Harris,2015,https://www.youtube.com/watch?v=EgqUJOudrcM,0ab54e546477a114e4cdd67019a8a3fae5bb06d64267c02cff147bae6c794a0f,Calvin Harris & Disciples - How Deep Is Your Love,GBARL1500704
25,Hey Baby,DJ Ötzi,2000,https://www.youtube.com/watch?v=CmhNw9ohGq8,872fd4d398bff279a9c396d802d8275c1cb96b782619d7e6fb0261da926d6f2f,Hey Baby (Radio Mix),ATHE51081010
26,Lady Marmalade,Christina Aguilera,2001,https://www.youtube.com/watch?v=RQa7SvVCdZk,3ce4bba752adb3262a7395a7adf8a4e147c080fec0801391d539368b81a06e30,"Christina Aguilera, Lil' Kim, Mya, P!nk - Lady Marmalade",USUM72206801
27,Loco Contigo (feat. J. Balvin & Tyga),DJ Snake,2019,https://www.youtube.com/watch?v=zNl00mOSnJI,3e66b2269ca5fa42f3e5c8dc8bc9e12591c887631add90356ad52e87b2113fc8,"DJ Snake, J Balvin, Tyga - Loco Contigo",USUG11901580
28,Girl You Know It's True,Milli Vanilli,1988,https://www.youtube.com/watch?v=RdSmokR0Enk,7f9231d2066463800dee1d5d5914676488033a4371f94ebb2ed4f511f09d1795,Milli Vanilli - Girl You Know It's True,DEC738800004
29,Alles neu,Peter Fox,2008,https://www.youtube.com/watch?v=qdtLCfEcPL4,9b365d6c3332a78e6c46f0eb9159c2d61bab4d7762647780941908959bcdea0c,Peter Fox - Alles neu (offizielles Video),DEA620800706
30,Reggae Night,Jimmy Cliff,1983,https://www.youtube.com/watch?v=oPHWzTDJhSE,d539a14330a48564f15e4f5d7117a1995f451b0e1291697171b73fe4815f17e9,Reggae Night,USSM19917309
31,World In Our Hands,Taio Cruz,2011,https://www.youtube.com/watch?v=9-YOU4DasV0,b675ee7de23c502c969843107edc015153eb24e42bb76634cdaf7fe428333c32,World In Our Hands,GBUM71109576
32,Mama Loo,Les Humphries Singers,1973,https://www.youtube.com/watch?v=xabrEUv8IFM,269844ef5280687785f4317764f4fa3eef861e0f4730e01836e753bfbc4b741f,Mama Loo (Remastered),DEA619351680
33,New York-Rio-Tokyo,Trio Rio,1986,https://www.youtube.com/watch?v=6mLb4l8FLlE,f715a6d202ae6704b9d2a9d89f86ad73d298386ecd630f4a8683b079bced1721,New York-Rio-Tokyo,DEHA68600002
34,Sunshine Reggae,Laid Back,1983,https://www.youtube.com/watch?v=R82XGJV_nkU,b27092e2110b3cf1d6443f8bdcbc31fc31ebffe5bc25bd84681b45a36965abaa,Laid Back - Sunshine Reggae,DKABA0002801
35,Sun of Jamaica,Goombay Dance Band,1979,https://www.youtube.com/watch?v=P5OrPKTFBIY,b388cde5f311fe6e5855465802c360e38a6426b5e41988c4beeec9a3f636f980,Goombay Dance Band - Sun Of Jamaica (Official Video),DEK897900010
36,Sweet Sixteen,Billy Idol,1987,https://www.youtube.com/watch?v=ClxXDfvtoj0,b1ce8e9f0b6e0d59d0f2e4d8a2bcd721816d4e7ed4cda7ff11089a9e6781b0fb,Billy Idol - Sweet Sixteen (Official Music Video),USCH30100011
37,All I Wanna Do,Sheryl Crow,1994,https://www.youtube.com/watch?v=ClbmWkbocoY,3840bee2d2ddec009b39a8c78ea71d57b80eb57d1880e03af545fe243b4e02a1,Sheryl Crow - All I Wanna Do,USAM19300013
38,"Ella, elle l'a",France Gall,1987,https://www.youtube.com/watch?v=lgHGU8gqz9U,ef178b9ee79ab6ce00cea94950f1cf7fc58960da466f44992edb341c6813b22c,"France Gall - Ella, elle l'a (Clip officiel)",FRT198700050
39,Sweat (A La La La La Long),Inner Circle,1992,https://www.youtube.com/watch?v=AdIer7rKyq0,c090f52e4a3d1e4d5a73e1ee3e45907b4a14e731b0a0d8b220f063a6bbbf02a0,Sweat (A La La La La Long),USA2P1004785
40,River,Tom Gregory,2021,https://www.youtube.com/watch?v=5gCEh4ICp3A,bbfa9dc2a6e9c4136e1ed00b28e8bae931667aa52425505aa3a70adfed3070ac,Tom Gregory - River (Official Video HD),DEN062100149
41,"Boom, Boom, Boom, Boom!!",Vengaboys,1998,https://www.youtube.com/watch?v=llyiQ4I-mcQ,c92a17ff91d47f1557296c44e5676697468655f584bcecbf41f1e9f77353c3a4,"Vengaboys - Boom, Boom, Boom, Boom!!",NLC529811150
42,So schmeckt der Sommer,Edward Reekers,1995,https://www.youtube.com/watch?v=kCcXlhzX8N4,7c4839413f7204e576a82bc28e272b37dcab7c28c38c24978a7c4b19ab52c97d,So schmeckt der Sommer,DEF069516410
43,Boys - Summertime Love,Sabrina,1987,https://www.youtube.com/watch?v=_OIPDU8kCNo,93ad7e40d93569957495296ed804c37adbb14e8db46e8e49c62ff717f0ef232c,Boys (Summertime Love),GBJUT1009950
44,Summer Jam 2003,The Underdog Project,2003,https://www.youtube.com/watch?v=9AHfNvKRtvM,8e8fdf0c0fa45f1651c759f7368907e88ae8945b77ea61224427917778bb8adc,Summer Jam 2003 (DJ F.R.A.N.K. Summermix Short),DEN060401576
45,Flying Through the Air,Oliver Onions,1973,https://www.youtube.com/watch?v=apOn3XQSYaA,ad1508dcd9119a69b31db36d9f2603f9c499fbed831d69c2ec1c1fef387408cd,Flying Through the Air,DEH840501531
46,Wavin' Flag,K'NAAN,2009,https://www.youtube.com/watch?v=VrurenhpPxE,2ef8da8d9b9acb2b7e404dae3d1381d092827797c64b1ec5f31e817b63e040dc,K'NAAN - Wavin’ Flag,USUM70951245
47,Could You Be Loved,Bob Marley & The Wailers,1980,https://www.youtube.com/watch?v=1Ogjp1hzmZU,757924aeece653c73f87726a3a1164c7daead9d4df6a110f6fd4704cf37920b3,Could You Be Loved,USIR28000016
48,Take Me Tonight,Alexander Klaws,2003,https://www.youtube.com/watch?v=DmgDOFtzRFA,00bc35eb0f7121929193a415822e94a5826950e3cbe0ea8e2ef2ed481473c6b9,Alexander Klaws - Take Me Tonight (Official Video),DEC730300065
49,United (feat. Marky Mark),Prince Ital Joe,1994,https://www.youtube.com/watch?v=AA-y4oqjOUs,7348fb0022a265d04ebb5de3e3d165a7f0984ad2161c31a8be9c0303e730837d,United (feat. Marky Mark) (Radio Edit),DEA619450270
50,Alors on danse,Stromae,2009,https://www.youtube.com/watch?v=VHoT4N43jK8,c0c32da7a90ed314e6ec6f55d460c6e0f4f6785ef963842a6d28dc69a40e83e9,Stromae - Alors on danse (Official Video),FRUM70902424
51,Volare,Domenico Modugno,1958,https://www.youtube.com/watch?v=6jWsIpAbo-8,30c33fd130dfcdb27a4cd92de69403aa10f3b6aaddb020729a583704031877fc,Volare (Nel Blu Dipinto Di Blu) (Remastered),DETL61621179
52,Faded Love,Leony,2021,https://www.youtube.com/watch?v=CE7ymQByeH0,33ca541b5275889676355e278d4b0a15becb6d2df09d681a2d7ca8b208a438b2,Leony - Faded Love (Official Video 4K),DEN062004998
53,La La La,Naughty Boy,2013,https://www.youtube.com/watch?v=3O1_3zBUKM8,1b73ea0ac362fc9f0e950a5326ace6fab284a39dbf0f960483f90c3c690d5fbc,Naughty Boy - La la la ft. Sam Smith (Official Video),GBAAA1300148
54,Fresh,Kool & The Gang,1984,https://www.youtube.com/watch?v=sTJ1XwGDcA4,71a7d6e6732c9d3874d33cec5d08c6437980ffa8cdee85bef98711c44b0ab345,Kool & The Gang - Fresh,USUMG0000175
55,Wann wird's mal wieder richtig Sommer,Rudi Carrell,1975,https://www.youtube.com/watch?v=cH3tuAAHpNI,e55430b7a4b5d00745e84c498c180d1636d45e39dec9ee688e1ab9ca69f37002,Wann wird's mal wieder richtig Sommer,DEF457500504
56,Helden 2008,Revolverheld,2008,https://www.youtube.com/watch?v=XER2pm7UUv0,2cc6d9568b0f376f8d64335a823e96b4b49c8ba06b62ee582618d2d394436985,Revolverheld - Helden 2008 (Videoclip),DEA810800202
57,Ratzfatz nach Mallorca,Ibo,2000,https://www.youtube.com/watch?v=1Rxbg1hGlSc,f43776afa40ac22468bcf532c68376c272d3081e4a743bcb59fed94ea9f5cf35,Ratzfatz nach Mallorca,DEA760003101
58,Sofia,Alvaro Soler,2016,https://www.youtube.com/watch?v=qaZ0oAh4evU,2726bd05bd95bc759ec052e9b918472cb9ac980633144bc4d51b62444e33a73a,Alvaro Soler - Sofia,DEUM71601055
59,Cruisen,Massive Töne,2002,https://www.youtube.com/watch?v=LEi46LleIFo,eae5b7dec3f449133cb666820c0a1957f98b1badc07495e9284de310191843cd,Cruisen,DEA610200332
60,This Girl (Kungs Vs. Cookin' On 3 Burners),Kungs,2016,https://www.youtube.com/watch?v=2Y6Nne8RvaA,013a1c09b2f000f8cedcc49810b74b9221d0e777a8ecee04e41f94d5d10d4b3a,Kungs vs Cookin’ on 3 Burners - This Girl (Official Music Video),FR9W11601798
61,Baker Street,Gerry Rafferty,1978,https://www.youtube.com/watch?v=Fo6aKnRnBxM,f21095d4fc933d4af72337edb7d621c68f7dd4cd824b2091735a6e008f2ecd22,Gerry Rafferty - Baker Street (Official Video),GBAYE7800619
62,Nutbush City Limits,Ike & Tina Turner,1973,https://www.youtube.com/watch?v=CKzMrzrYyXw,e73e8815682615d4b5ac7179b6b387e211dae77659d9cad119cbd6e816c45865,Nutbush City Limits (Remastered),USEM37300029
63,I Want To Break Free,Queen,1984,https://www.youtube.com/watch?v=f4Mc-NYPHaQ,a02bb4abb9acb355cde5f7bc385b88ba03a9378931a92dae320cdb0f42da964c,Queen - I Want To Break Free (Official Video),GBUM71805978
64,Footloose,Kenny Loggins,1984,https://www.youtube.com/watch?v=ltrMfT4Qz5Y,e9193d8b370efe8ee4b1a12f66ced0abfda39d0abf1ac024a25c41870c94d954,Kenny Loggins - Footloose (Official Video),USSM18400107
65,CAN'T STOP THE FEELING!,Justin Timberlake,2016,https://www.youtube.com/watch?v=ru0K8uYEZWw,3c4bbfff3e9543bd1bac232c7c3e15c45128ae00d489984a7f39848001fa0f10,"CAN'T STOP THE FEELING! (from DreamWorks Animation's ""TROLLS"") (Official Video)",USRC11600876
66,Wake Me Up,Avicii,2013,https://www.youtube.com/watch?v=IcrbM1l_BoI,907a75c1078b47eed476420d40cfafc733d2ac62c088a73f60b8ab4cdbc6fae2,Avicii - Wake Me Up (Official Video),SEUM71301326
67,Hollaback Girl,Gwen Stefani,2004,https://www.youtube.com/watch?v=Kgjkth6BRRY,67edea41a3042a5f349a85e91b9fdddd797b744e44b0bfa7ad593adfe66af7d3,Gwen Stefani - Hollaback Girl (Official Music Video),USIR10400847
68,Where Do You Go,No Mercy,1996,https://www.youtube.com/watch?v=nzQDQcELNuU,c24c68ac837b256aeaaafb4c0a8bb23048f700c72e362d799ebfc04db77cc7a4,Where Do You Go,DED169600128
69,Bella Isola,Bata Illic,2003,https://www.youtube.com/watch?v=xxObvAXJs94,5281482c8eb8564f076cb574ffa969abf39a242bbb7959292abf237a242259a3,Isola Bella,DEQ090300067
70,Lessons In Love,Level 42,1986,https://www.youtube.com/watch?v=9x1RcVrGjGM,6530c88cf00d2e96e754377d4ec3e52abca879def59dcea447360f46020c790e,Level 42 - Lessons In Love,GBAKW8601003
71,Whatever,CRO,2013,https://www.youtube.com/watch?v=FAyGmrS-JlU,b40c49a3433982d9cddc823e36c19a380122fab92e7f3d477b3e56ed243f8310,Whatever (+1),DEW921300229
72,Get Lucky (feat. Pharrell Williams and Nile Rodgers),Daft Punk,2013,https://www.youtube.com/watch?v=M7VTByl6WqA,8a2f9b1ec61122311350e00129082ef3500175508df13e19ec084c9a4481cfd3,Daft Punk - Get Lucky (Radio Edit) [feat. Pharrell Williams] [Official],USQX91300809
73,Venus,Bananarama,1986,https://www.youtube.com/watch?v=d4-1ASpdT1Y,07b5586e120f2685f1b8a7f475f4cd5343f293a7d380b8e097846df0a3a4acdc,Bananarama - Venus (Official Video),GBAAP9600095
74,Happy Together,The Turtles,1967,https://www.youtube.com/watch?v=pSw8an1u3rc,6f7f91fccfed1042533f3756062a0fc34be71b0140170f6512ac662f36e974a6,Happy Together (2016 Remaster),USA560587940
75,Pump Up The Jam,Technotronic,1989,https://www.youtube.com/watch?v=9EcjWd-O4jI,e29aa4bfd6dbcdc4a2466fe33fd86372c55db4dcca4e5384b92bec8258e641d1,Technotronic - Pump Up The Jam (Official Music Video),BED018901375
76,La Bamba,Ritchie Valens,1958,https://www.youtube.com/watch?v=BycLmWI97Nc,e34e25b5b7e47c2eae8cd6cc199c3fa939f24b5f3963a728d473ac86ce6bc081,La Bamba,USRH10402003
77,Heat Waves,Glass Animals,2020,https://www.youtube.com/watch?v=mRD0-GxqHVo,d28bbc8ffeefb948485a551fc658b5b0aea4b28a1a8e4ee4d432e4c4a3cb1540,Glass Animals - Heat Waves (Official Video),GBUM72000433
78,Lonely,Nana Darkman,1997,https://www.youtube.com/watch?v=CD6VMP2wzJM,5e2bdc3a890c19e74a16df282b0b7d988dad41b75955f75309165ffe5e085f9a,Lonely (Original),DEPI82101614
79,Conga!,Miami Sound Machine,1985,https://www.youtube.com/watch?v=5SXX-pWzOY8,39e85f86876f37ed18718ac13fbaf020047402586aef186b13d2887bd65c4212,Conga,USSM10026825
80,Holiday Rap,MC Miker & DJ Sven,1986,https://www.youtube.com/watch?v=5JgR6JCLUfg,b8e033e4cf6a0ece6b3759b40d8c2b9b571b6bae735bfc3dd7d842ae4dc380b6,MC Miker G & DJ Sven - Holiday Rap 1986 (Remastered),NLE320400069
81,Weekend,Earth & Fire,1979,https://www.youtube.com/watch?v=0uNaFo3wAR8,6c3ace9e4d8a078e394e5a2f2c5a9f17e0abad7bd5d103c0a12cea0bbd3e540c,Earth & Fire - Weekend 1979 (Remastered),NLC287900009
82,Love Is You,Thomas Godoj,2008,https://www.youtube.com/watch?v=eCsh6FNFg3Y,4624f0adcfec15977da8c05736fd717e7d99b25bb70c2d6b00ebf564192e24dd,Thomas Godoj - Love Is You (Videoclip),DEE860800369
83,Itsy Bitsy Teenie Weenie Honolulu Strand Bikini,Club Honolulu,1960,https://www.youtube.com/watch?v=xxSPQGaGqd0,b3d47ca4c341af388a930d15c25641b0f9b94d871d444f2f7576e52fb3f72ef7,Itsy Bitsy Teenie Weenie Honolulu Strand Bikini,DEU241266207
84,People Everyday,Arrested Development,1992,https://www.youtube.com/watch?v=SvlcpJX4Dn0,747251dc5259e6c7f05321a9ea7886498a3f8b5acf0b3fc0002ed71d4ae5767f,"Arrested Development ‎– People Everyday - 3 Years, 5 Months And 2 Days In The Life Of",USCH39200007
85,Sucker,Jonas Brothers,2019,https://www.youtube.com/watch?v=CnAmeh0-E-U,ac2b43bb62f56fabefc43acd48eca459bb10f7088b046d8140ae73bc0ce0ba44,Jonas Brothers - Sucker (Official Video),USUG11900515
86,California Gurls,Katy Perry,2010,https://www.youtube.com/watch?v=F57P9C4SAW4,cf8a1f21e78abc911a8d28907cccb758938a1a3787b35448ff19194c34954d2a,Katy Perry - California Gurls (Official Music Video) ft. Snoop Dogg,USCA21001135
87,Let's Get Loud,Jennifer Lopez,2000,https://www.youtube.com/watch?v=Q91hydQRGyM,681dddcc1105cc2c615ea437576117b75e8016a5bcde4a8ba83fc870fdd6d976,Jennifer Lopez - Let's Get Loud (Official Video),USSM19900597
88,One Kiss (with Dua Lipa),Calvin Harris,2018,https://www.youtube.com/watch?v=DkeiKbqa02g,d40b723ed4603446bb7d71bc0892438151ba9045f9f5fccfef0f7a76eef07da7,"Calvin Harris, Dua Lipa - One Kiss (Official Video)",GBARL1800368
89,Mambo No. 5 (a Little Bit of...),Lou Bega,1999,https://www.youtube.com/watch?v=EK_LN3XEcnw,b6cdde39684fdfe231719f7fa2fc394713e2e867a57408acdf20dc7be047fe96,Lou Bega - Mambo No. 5 (A Little Bit of...),DEH259900010
90,The Girl From Ipanema,Stan Getz,1963,https://www.youtube.com/watch?v=v5DZ5clg-bg,1a7661c74bcb2a372faaf1f31d564d21dec83fd2922d7ddfc702bd8c97fe90b7,The Girl From Ipanema,USUMG0000425
91,Talkin' Bout a Revolution,Tracy Chapman,1988,https://www.youtube.com/watch?v=Xv8FBjo1Y8I,fbb784af7c18f1b4bd6d084463e2907545de529be1e637beaec9710efae69f44,Tracy Chapman - Talkin' About A Revolution (Official Music Video),USEE10100547
92,Sonic Empire,Members Of Mayday,1997,https://www.youtube.com/watch?v=hhWf2GuDZZc,f6dd231a314b2c3b01f8793a9d8d1b388dc5c9adc584c2d79353c5d706caedba,Sonic Empire (Short Mix),DEE199700014
93,Senza Una Donna,Zucchero & Paul Young,1991,https://www.youtube.com/watch?v=V69vs8JmXYM,238f58b9a0ab9a15538f718d5eb87743948a18360e0d7e338c63dcd47c59cf0c,Zucchero & Paul Young - Senza una donna (Without a woman),IT9008701810
94,Don't Stop,Fleetwood Mac,1977,https://www.youtube.com/watch?v=QV9JJmSCiI8,82d605ac08023604500c4b4fe9cd020b773965ec791863503f99bbfbf0ebd571,Fleetwood Mac - Don't Stop (Official Music Video) [4K Remaster],USWB19900180
95,Coco Jamboo,Mr. President,1996,https://www.youtube.com/watch?v=_Jl-QpJNKiQ,2fe9c44cdffc2283e6b7cf82e64cec92a6cc71cd5c0cc54ed9d1b1681232acc8,Coco Jamboo,DEBS80500020
96,"Never Leave You (Uh Oooh, Uh Oooh)",Lumidee,2003,https://www.youtube.com/watch?v=QhKj93rPIDo,ea7013bb984f795b8c73113fd136d5f136c7aea6987a95d929e32b1195081eed,"Never Leave You (Uh Oooh, Uh Oooh) [Official Music Video]",USUR10300367
97,Ö La Palöma,Ö La Palöma Boys,1999,https://www.youtube.com/watch?v=osiScTCh-Wc,3d8cc1f27c31158219c1575a336e21b1e48387b5ab21ee12aa4c9f1e6db6d859,Ö La Palöma (Stefans Funky Video Edit),DEQ989900065
98,Jetzt oder nie,Maite Kelly,2017,https://www.youtube.com/watch?v=y4cQeOguQCg,b6eeb14fabb75b3c2a5abd305832531d7e046669ba641e14d30c7ee205a7d650,Jetzt oder nie,DEUM71602757
99,I.O.I.O.,B 3,2002,https://www.youtube.com/watch?v=AuoMrxTWBlc,c9c1a14aa961ac3f6e8952a2148338518447f0decbda46e37aff28de7413e57a,I.O.I.O. (Radio Edit),DEPI82100993
100,SOS,ABBA,1975,https://www.youtube.com/watch?v=aKXAN-bcwRo,cfb64f1f66ab562bb293a4ed8cb4d615a2a420c60daae940c91a3d0f504c54c3,ABBA - SOS (Official Lyric Video),SEAYD7501040
101,Balada,Gusttavo Lima,2011,https://www.youtube.com/watch?v=JY25N0J5cIM,60734530787723ffacc077e99736d1399e7f2e80584ab25308f4000fc2a7e49d,Balada (Ao Vivo),USA561215539
102,The Shoop Shoop Song (It's In His Kiss),Cher,1990,https://www.youtube.com/watch?v=XpgbmIkyRDc,a2017f58ac52ac97f7a8a6afd55a36a715763ffa0cac212bdccc4763bf953430,The Shoop Shoop Song (It's In His Kiss),USGF19031001
103,Umbrella,Rihanna,2007,https://www.youtube.com/watch?v=CvBfHwUxHIk,d768184995db922d222e11cd5d244add75e75e88986ad570056a90bdf309a8d4,Rihanna - Umbrella (Orange Version) (Official Music Video) ft. JAY-Z,USUM70731242
104,Samba de Janeiro,Bellini,1997,https://www.youtube.com/watch?v=qm3vCvNGQZI,91d477f2cfe3def08108f0ff8c6ddd9fa220c6bd5d1f348fc94d46b7daa31f67,Samba de Janeiro (Radio Edit),DEG129700451
105,Stop! In The Name Of Love,The Supremes,1965,https://www.youtube.com/watch?v=une981B7Q4Y,196ea42ba850705727970536e85c7ca7585cbb38353198d01630c73ada9fa64f,The Supremes - Stop! In The Name Of Love (Lyric Video),USMO16500288
106,Voyage voyage,Desireless,1986,https://www.youtube.com/watch?v=NlgmH5q9uNk,ba39c8b068431f6ce71548b76d90d131036dea9c6713daacc397a00f8e81b41e,Desireless - Voyage Voyage (Official HD Video),DEQ858600201
107,The Ketchup Song (Aserejé),Las Ketchup,2002,https://www.youtube.com/watch?v=V0PisGe66mY,2d2eaddd42a084ac2fc68b52eb9eb8c8e74e38bebcb6a9c166b976b5ac46bc88,Las Ketchup - The Ketchup Song (Asereje) (Spanish Version) (Official Video),ES5110204224
108,Vamos a la Playa,Righeira,1983,https://www.youtube.com/watch?v=x0OMFm8FO90,7f764d225f1487a00ca43b9a6daed0dd0a3ec9758c01ca787405dadd762dc55d,Vamos a la Playa (1983),IT0728300001
109,Macarena,Los Del Rio,1993,https://www.youtube.com/watch?v=zWaymcVmJ-A,cefc852d66116207c871db37af9d3107f75881966d00b58068fa63d9ab85019c,Los Del Rio - Macarena (Bayside Boys Remix),ES5109500538
110,Summer Wine,Nancy Sinatra & Lee Hazlewood,1966,https://www.youtube.com/watch?v=yZYM8YYYfL4,468c34a603f5c2cdfda17e9e86d49b93d3f9916124ed5a42ee10e0cc4adfcadf,Summer Wine,USASE0510168
111,"Rocket Man (I Think It's Going To Be A Long, Long Time)",Elton John,1972,https://www.youtube.com/watch?v=DtVBCG6ThDk,f007231858b97664677acf57bd39c62ef6bdd260a8f801295f9f3a7a3061a272,Elton John - Rocket Man (Official Music Video),GBAMB7200006
112,Dance The Night,Dua Lipa,2023,https://www.youtube.com/watch?v=OiC1rgCPmUQ,e03b5759018a937fafb8d0eb5e326bca13e6a150adb4164dbac38106d4555667,Dua Lipa - Dance The Night (From Barbie The Album) [Official Music Video],USAT22305730
113,One Night Stand,Capital Bra,2018,https://www.youtube.com/watch?v=SSbnQpiDawY,4474f1f8bf3fbe113ca8fec9ca3e3a7cc08eb7524f38398dcf2f65cae653895d,One Night Stand,DEWS21700051
114,Sunny,Bobby Hebb,1966,https://www.youtube.com/watch?v=J-5xGXpNt74,8871298e8b4fb0beadca14bdd13a072f26292efd95a62d5eaf27d549cf619cef,Sunny,USPR39402093
115,Ti Amo,Pietro Lombardi,2021,https://www.youtube.com/watch?v=dp-RIi-jous,b473b7d2eab1b8d699828499a1c3598420a094a52f834872fc26931525f31c32,Pietro Lombardi – Ti Amo (prod. by Stard Ova)| Official Music Video,DEUM72115879
116,Spirit In The Sky,Norman Greenbaum,1969,https://www.youtube.com/watch?v=RUh6u7wJ3Ns,01037e861ebcf889069d52089896e06644549239d6d94d1c433df0671a88bfca,Spirit in the Sky,USRE19600416
117,Stadt,Cassandra Steen ft. Adel Tawil,2009,https://www.youtube.com/watch?v=ltQNeihjqB0,6526cc110635304e34c83aa086e139a5eff8c2e24d42e362e2a857c5301d9bf7,Cassandra Steen - Stadt ft. Adel Tawil,DEUM70900096
118,Lila Wolken,Marteria,2012,https://www.youtube.com/watch?v=CrYYg_atdtk,c4fdd34ab003d751d638afbb7eb68f3aff66faa81f2b1c835dfa6f1351cd3c48,"Marteria, Yasha, Miss Platnum - Lila Wolken (Official Video)",DEQ321200214
119,Sailing,Rod Stewart,1975,https://www.youtube.com/watch?v=RFgn9-8KL4s,b24218853a681f868ad6b8d7b0b4fb2e416f54939690490aded3652a0e82d669,Sailing (2009 Remaster),USWB10807925
120,Am Tag als Conny Kramer starb,Juliane Werding,1972,https://www.youtube.com/watch?v=wn9pxvlTdBk,35499307dae983df85cdf85eb7c068f1017df4171acf06afffd7bc830570b8ea,"Am Tag, als Conny Kramer starb",DEC737100002
121,Mi Gente,J Balvin,2017,https://www.youtube.com/watch?v=wnJ6LuUFpMo,60a513cef6abe988d998a2ea6fb3e4d9fe46df274f29a3304a62c47fc42aee74,"J Balvin, Willy William - Mi Gente (Official Video)",FR22F1701790
122,One Day / Reckoning Song,Asaf Avidan,2012,https://www.youtube.com/watch?v=KRAMNWzfjcg,8744e02825cf655f975f4d00c4a13b25f9981a08a037b2aaa363c213cb876fb0,Asaf Avidan & The Mojos - One Day / Reckoning Song (Wankelmut Remix)t,DEQ321200132
123,I Feel Love,Donna Summer,1977,https://www.youtube.com/watch?v=nTNcCKq6V2c,957ad9567164ca1ee9f2724125275efa55dd21a97c0eb19404137f3712168476,I Feel Love,USWWW0125612
124,Summer,Calvin Harris,2014,https://www.youtube.com/watch?v=ebXbLfLACGM,467b27bc7ba6d32c86dab28e81cf01d03239543b538ff5bcb6f7cc52b711d252,Calvin Harris - Summer (Official Video),GBARL1400296
125,Du,Peter Maffay,1970,https://www.youtube.com/watch?v=bAaisLTIUu4,69d9d45f1748c61a25925e6215ab975629a999584a6fa1ef39813df8137c8dae,Du,DEA818100076
126,Rhythm Is A Dancer,SNAP!,1992,https://www.youtube.com/watch?v=JYIaWeVL1JM,44914d6dc85830f52e59786143bc6b87afa2fe72b0692d6aeb92413c0ed4f2d8,SNAP! - Rhythm Is A Dancer (Official Video),DET189200600
127,Dubi Dam Dam,Banaroo,2005,https://www.youtube.com/watch?v=VHmNYvhizhU,a9c6794ad7023203588acd036bd6bcb8f3ce2e1a32c5b9244f3be17b5d50cd6e,Dubi Dam Dam,DEBA20500001
128,Night Fever,Bee Gees,1978,https://www.youtube.com/watch?v=-ihs-vT9T3Q,4d1be24cb7093efc2c0c9a9ec99691b855c2e2e7653d63a00f56796ec55420ec,Bee Gees - Night Fever (Official Video),NLF057790035
129,Yeah! (feat. Lil Jon & Ludacris),USHER,2004,https://www.youtube.com/watch?v=GxBSyx85Kp8,58d0fb45c9c292e3d80891b7a87f3d62d7ae912c6a278e77ff4bda4b00b81877,"Usher - Yeah! (Official Video) ft. Lil Jon, Ludacris",USAR10301423
130,Without You,Mariah Carey,1994,https://www.youtube.com/watch?v=4iusJui-BxM,8cf82f9ec303395a62372bb06a293b78414c516f341d330c0fd994d32804ac5a,Mariah Carey - Without You (Official Lyric Video),USSM19303176
131,Un'Estate Italiana,Gianna Nannini & Edoardo Dennato,1989,https://www.youtube.com/watch?v=U2fHzKZC3yo,178994efda1efef28977e2fbb6e923a9dc7a130fa97253ebe66be0c1738c1618,Edoardo Bennato & Gianna Nannini - Un'estate Italiana (Stadio Version) (Giorgio Moroder),ITZ049900408
132,Evacuate the Dancefloor,Cascada,2009,https://www.youtube.com/watch?v=voVizghdfJM,ff8061ed236ae611ae25b05525f8d18d295266f754b366194e68a358b578a903,Evacuate The Dancefloor (Radio Edit),DEHK90911301
133,Closer,Ne-Yo,2008,https://www.youtube.com/watch?v=z_aC5xPQ2f4,c593d52043280690ec0e01e773b7ad27b17fe65188be17ef0cd6f3ae285536f1,Ne-Yo - Closer (Official Music Video),USUM70809378
134,Boom Boom Boom,The Outhere Brothers,1995,https://www.youtube.com/watch?v=u6qMxuFaq0I,8ccc30afb6402df0fa40e78738ff8cbad34b8c83b2c2ba8e76db214cc4fab8b6,Boom Boom Boom,CAU119402044
135,The Cup of Life (La Copa De La Vida),Ricky Martin,1998,https://www.youtube.com/watch?v=11x7crPnOF4,2a7a8c098aca93dbbaa79921a5f674a3ea64b02ac8c6b68145750b1af7ac7fbf,"The Cup of Life (La Copa De La Vida) (The Official Song of the World Cup, France '98) (English)",NLB639810008
136,Let's Get Back To Bed - Boy!,Sarah Connor,2001,https://www.youtube.com/watch?v=cgFMbBfK-1I,d81daa88a2c191e7bedf79146d5a9b68b08176505bad5656ff30c2b5298e747f,Let's Get Back To Bed - Boy!,DEE860100326
137,Black Velvet,Alannah Myles,1989,https://www.youtube.com/watch?v=ZHHEmd5mECY,1cd56436d2fc284db913955462cde66d0b25ee1c4f277157ad3929211a0e3b65,Black Velvet,USAT20103053
138,Waterfall,Michael Schulte & R3HAB,2023,https://www.youtube.com/watch?v=KCYJa9UdEb4,626a7dd7c29c505f030875da9c2d4e9b9b247ce084b5eef7f8842c44c8e4bc28,Michael Schulte x R3HAB - Waterfall (Official Music Video),DEUM72119688
139,Bailando,Loona,1996,https://www.youtube.com/watch?v=dwIvtGYRtXU,d99b20ee4f01cf363271c956077a15d1702bba8358b50058ed594079e01f93c3,Bailando,NLJ2Y2000008
140,The Power,SNAP!,1990,https://www.youtube.com/watch?v=nm6DO_7px1I,e289bc680e55bc029fc20ef3f0ca8e480919f52cb16a45894519fc2ffa506c40,SNAP! - The Power (Official Video),DET189000100
141,Drop It Like It's Hot,Snoop Dogg,2004,https://www.youtube.com/watch?v=GtUVQei3nX4,c1e1d790c02f0d3d4eb49d6cbce908e63670fc066347ddf998aea81876c49828,Snoop Dogg - Drop It Like It's Hot (Official Music Video) ft. Pharrell Williams,USMC10400640
142,Love Generation,Bob Sinclar,2005,https://www.youtube.com/watch?v=MJfwcmPFNtQ,533cf7db7fd097ab6bbcb4e7e469d09734a908197067550a1ad1a107814ecdbe,Love Generation (Radio Edit),FRQ380500331
143,Get Busy,Sean Paul,2003,https://www.youtube.com/watch?v=HXceurkQcCs,948b7eb3e817b1ab370f2c2229e28d8983ac3efc726b3a8be08effc479477cb1,Get Busy,USAT20202575
144,Barbara Ann,The Beach Boys,1961,https://www.youtube.com/watch?v=-bSnI-a0BSc,a4ecd4eec642c4db20ec670ce00108ae231fca7efe229b0278447735316f1d18,Barbara Ann (Stereo Mix/Remastered 2012),USCA28600057
145,Femme Like U,K.Maro,2004,https://www.youtube.com/watch?v=8qfM7offtiA,8b1a8f2c0857b101c8ac6d09d4a7fc461027f0bca1a8671d0fd9971c57d449b2,K.Maro - Femme Like U (Clip officiel),FRZ160400064
146,Akropolis Adieu,Mireille Mathieu,1971,https://www.youtube.com/watch?v=Kuo_x9hD2y0,08f805e759a9e9239db759be2ebe6dd744d0eb5eecaa752f2e47ab269cfe6eaf,Mireille Mathieu - Acropolis adieu (Audio),DEC717100002
147,San Francisco (Be Sure to Wear Flowers in Your Hair),Scott McKenzie,1967,https://www.youtube.com/watch?v=LAX5GgvS-8s,8ed264e670b8c7b021fb541c4bba98f85bd0f9136cd4100be1f97cda34b8f77e,San Francisco (Be Sure to Wear Flowers In Your Hair),USSM16701024
148,I Believe,KAMRAD,2022,https://www.youtube.com/watch?v=-kCxFFACZxY,b028f7dedfc8e7c5bd102d58edb8bca2237644600eedad681d5a98763897e2f0,KAMRAD - I Believe (Official Video),QMDA62184030
149,Substitution,Purple Disco Machine & Kung,2023,https://www.youtube.com/watch?v=7x5lqqji9ww,7df8d2a6c9c8565a083298ba614378f56f3ffca7e1500e72666b449bdc3bfc15,"Purple Disco Machine, Kungs - Substitution (Official Music Video) ft. Julian Perretta",DEE862300093
150,Lush Life,Zara Larsson,2015,https://www.youtube.com/watch?v=tD4HCZe-tew,74dccf4e9438b0d8f127b6293f94538863987ff7f8a6470f98d595194dd9b38b,Zara Larsson - Lush Life,SEWEE1500509
151,So Am I,Ava Max,2019,https://www.youtube.com/watch?v=SxGLPVvNjvY,e90c49d0a85b5a28a3023c4c03b4188cf14d33ac1c6757bfa11b14bd43fdc70a,Ava Max - So Am I [Official Music Video],USAT21900569
152,La Tortura (feat. Alejandro Sanz),Shakira,2005,https://www.youtube.com/watch?v=Dsp_8Lm1eSk,57bd1e6e9a1a55bf5b759d4702dbf80d4db145a971083f75328c5e01db356745,Shakira - La Tortura (Official HD Video) ft. Alejandro Sanz,USSM10501700
153,SexyBack (feat. Timbaland),Justin Timberlake,2006,https://www.youtube.com/watch?v=gfWQ1r6IQrY,ca6bf1ec85be2cf2d392a2e7ddf5058b66e40e930c4859c24f9995a823f8466a,SexyBack,USJI10600269
154,Axel F,Harold Faltermeyer,1984,https://www.youtube.com/watch?v=L2cstHtZ4gQ,89e347b1d51c5c786d9717b9ef2bfe7b211dca1982f7cab8b9f3c45bba6b4fe7,Axel F,USMC18416586
155,Summer Of '69,Bryan Adams,1984,https://www.youtube.com/watch?v=eFjjO_lhf9c,b4933bb43edb81d6376463fa52bff075944f138a57b6d1b778061b3712d58945,Bryan Adams - Summer Of '69 (Official Music Video),USAM18490006
156,Cover Me In Sunshine,P!nk,2021,https://www.youtube.com/watch?v=vGZhMIXH62M,d79b66300e0a9fb9108463ae05cf312369e9c987e2685e5475ddb38062e3da23,"P!NK, Willow Sage Hart - Cover Me In Sunshine (Official Video)",USRC12100138
157,Hot In Herre,Nelly,2002,https://www.youtube.com/watch?v=y8vLMHeO_5s,71f8d1eeab56945e70346e6924f2418470f2b516e0d17ba7b17b4b3cecf85646,Hot In Herre,USUR10200252
158,Be My Lover,La Bouche,1995,https://www.youtube.com/watch?v=ViP87WipSm0,2563eb9958e1f43a5a9453cd0a10e4afa39346ba7bbde0c8b9bc666ee7bfe732,La Bouche - Be My Lover (Official Video),DED160200012
159,No Doubt About It,Hot Chocolate,1980,https://www.youtube.com/watch?v=qkUIlc8CBP8,fd7e9b7f77888228322a7c77a261d5b91a9f1aa9fe338821e75e95f53c66f7ec,No Doubt About It,GBAYE8000032
160,Guten Morgen Sonnenschein,Nana Mouskouri,1977,https://www.youtube.com/watch?v=HiVOIxzOx88,f1479209ae45718194066badb4db7d94e56ff66d0395f02de4357c4fbeaf178d,Guten Morgen Sonnenschein,CH0527780010
161,Dance Little Birdie,De Electronica's,1981,https://www.youtube.com/watch?v=ArBNqichSig,32fb93d342068de1849e593947a85770ac5c9ef68bdc6275b659916b54f58e3d,Dance Little Birdie,NLA342200075
162,Like Ice in the Sunshine,Beagle Music,1985,https://www.youtube.com/watch?v=5_AAtZyfeMs,4fd72018e88a762301a4499766411653839f845954d5038786779681bf897743,Like Ice in the Sunshine,DEP551600193
163,It's My Life,Dr. Alban,1992,https://www.youtube.com/watch?v=aBJZsHDJvf0,2b2000329d19eba9a9196f5a219da1fb6456522ef11155f112284b6e6185398f,It's My Life (Radio Edit),DEA819200287
164,Blondes Wunder,Bernhard Brink,1990,https://www.youtube.com/watch?v=eHum6T-8sY4,27f90be95e6b1125b467bd06faa7e38d9fd94976fea49735c06460d6fa28b13d,Blondes Wunder (Remastered 2003),DEA600100316
165,The Rhythm of the Night,Corona,1993,https://www.youtube.com/watch?v=OnT58cIJSpw,ffc5ec1642032c35c857aece7be8f5d1e2c4679afe0f9affeaf75943986b988d,Corona - The Rhythm of the Night (Official Music Video),ITA199800041
166,Seasons in the Sun,Terry Jacks,1973,https://www.youtube.com/watch?v=-tPcc1ftj8E,d1f8d140b909af414d44f84ac8288cc7243cc4c60532f7d973ce05e5e7d41ea9,Terry Jacks - Seasons In The Sun (Official Audio),USAR17400171
167,Nur Noch Schuhe An!,Mickie Krause,2012,https://www.youtube.com/watch?v=7KgDdsH_sjI,cf519a1e3c1bb28c6ed18489317334ba43eeafcfabadb495de5157c6bcd7b63b,Nur noch Schuhe an! (Remastered 2016),DEC611200301
168,Sexy Eis,Bürger Lars Dietrich,1996,https://www.youtube.com/watch?v=H7c7hiRnvFY,fe7ad70a86a17fbb485a53d53c7f03c9681233d45275b6a9fcf6de96bcffcc15,Sexy Eis,DEA619650050
169,It Feels So Good,Sonique,2000,https://www.youtube.com/watch?v=0bcYxH65kSg,3ed4990cbb0f7eb78e95c6b628d7d563635e6cac4170138ffc18d5ae71c741b8,It Feels So Good (Radio Edit),USUR10300602
170,Ain't Nobody (Loves Me Better) (feat. Jasmine Thompson),Felix Jaehn,2015,https://www.youtube.com/watch?v=5j1RCys4R0g,d693d20109e47aca537a79e37df3d44ce8e465677f56b0b9ffdaf53efc18f34e,Felix Jaehn - Ain't Nobody (Loves Me Better) (Official Video) ft. Jasmine Thompson,DEUM71500425
171,Tacata,Tacabro,2012,https://www.youtube.com/watch?v=tET9jckFgdo,fdb97fda43f5a4077ebb037963f5e0fbc52a8629f7f0693d4d58ce138bd8af1f,Tacata Radio Edit,ITV951100211
172,Scatman's World,Scatman John,1995,https://www.youtube.com/watch?v=aIQln4JfGdU,31afeb01ef3e39944488da76a577c2bf378bb9e2cfc5fd55eb724cde3d00bee2,Scatman's World (Single Mix),DKELA9610002
173,Moonlight Shadow,Mike Oldfield,1983,https://www.youtube.com/watch?v=9uYF95jR_ME,f0760e0c9f3afc8f5ba22fb65dbeba35a59c693205ecd62bcf5003d2a9d7c4f3,Moonlight Shadow (Remastered 2013),GBAAA8300001
174,Waves,Mr. Probz,2013,https://www.youtube.com/watch?v=0a5WyAjL1MM,e4c6b00a525897d8eb2354bb5d38a3f208cbc9ee2b8959811e373d607fde128d,Mr Probz - Waves [Official Music Video],TCABN1366256
175,Rosemarie,Hubert Kah,1982,https://youtu.be/nNmLXUkSKnw?t=4,21c2677e19126a36dc836b78178c645e5b6aa8660b5948379dc9ce05f6d39307,Rosemarie,DEF068200820
176,Fade To Grey,Visage,1980,https://www.youtube.com/watch?v=6sSKbcwKHXw,aaa090e31147618c01cd123f5570f8610cb00159eed4ad08a1fb80f65e50e832,Fade To Grey (Main Version),USPR38080067
177,Solo Para Ti,Alvaro Soler,2022,https://www.youtube.com/watch?v=lPX_POCmlT0,539c44e196061967a1c71dee32a12d0991506c051c322aff6dec7ec1c4e13b0d,Solo Para Ti,DEUM72201943
178,Everytime,Britney Spears,2003,https://youtu.be/8YzabSdk7ZA?t=6,ee74ca0c47bac2e295e5175595c381de18637b413ec964f86188700d9c16e2fe,Britney Spears - Everytime (Official HD Video),USJI10301010
179,Jungle Drum,Emiliana Torrini,2008,https://www.youtube.com/watch?v=4tRpuASOqVc,2b34a53854180c57bd90721b86d5e54d00a6889796a3145b1ff2e71e5209317d,Jungle Drum,GBCVZ0802439
180,Nevermind,Dennis Lloyd,2016,https://www.youtube.com/watch?v=naW6-WxmMiU,923c8b3c588b6d2d68978e746d74e46afcff74087e169a3c8da983a06aad4ce5,Dennis Lloyd - Nevermind (Official Video),USHM91642610
181,Prayer in C,"Robin Schulz,Lilly Wood and The Prick",2014,https://www.youtube.com/watch?v=fiore9Z5iUg,90dfe1e7d9976f6580d94c90755e61beba92e032cc76fded828eb895f5a924f3,Lilly Wood & The Prick and Robin Schulz - Prayer In C (Robin Schulz Remix) (Official),DEA621400286
182,Obsesion,Aventura,2002,https://www.youtube.com/watch?v=8_QY5gFQUTg,0e602ec275aaed846e2f4019970f703870c4dc4b037d41f26782ab7ba6f41898,Aventura - Obsesión (ft. Judy Santos),US83W0500074
183,The Edge Of Glory,Lady Gaga,2011,https://www.youtube.com/watch?v=QeWBS0JBNzQ,ec5b6a1b064acf689f8e4c4a98cba4fcccce2c26fcf046598d14f9d486e5ce7f,Lady Gaga - The Edge Of Glory,USUM71106458
184,Cake By The Ocean,DNCE,2015,https://www.youtube.com/watch?v=PAzH-YAlFYc,a8b4777d1a2693d583498e041f618df2637c512005cd029e2510f624f4c6aecd,DNCE - Cake By The Ocean,USUM71514637
185,Heaven,U96,1996,https://www.youtube.com/watch?v=iWSAGEQs20A,60ec4ac85c33597fe963eb52f20be61b6ae6f86ed7783c2e8267ff3da8f61730,U 96 - Heaven,DED579602560
186,Wannabe,Spice Girls,1996,https://youtu.be/gJLIiF15wjQ?t=49,38150c7c1c041f2e01a34e914c03ef0f1cce7e93824179cb973944b17ca71078,Spice Girls - Wannabe (Official Music Video),GBAAA9600008
187,I Know You Want Me (Calle Ocho),Pitbull,2009,https://www.youtube.com/watch?v=i-6idBTkRb4,752b97d61d8fd360935f6fbf0b495d480cabc88186618f304390dfacffd95981,I Know You Want Me (Calle Ocho),USJAY0900144
188,"'54, '74, '90, 2010",Sportfreunde Stiller,2006,https://www.youtube.com/watch?v=rj9KyVpCfYg,47fcccc733a6056b821847c5813a9b4f633415d031220651b36ab02e09542914,"Sportfreunde Stiller - '54, '74, '90, 2006 (Video)",DEUM70602470
189,Daddy Cool,Boney M.,1976,https://www.youtube.com/watch?v=ghGiv7YLC7Q,0beb0016b3d910c09d5f9e94546ed15fc7b3893af7da9c339627a53ed0d12326,Boney M. - Sunny (Official Audio),DEC737600002
190,Beautiful Sunday,Daniel Boone,1972,https://www.youtube.com/watch?v=hz3T4ChuW5o,0aaefb1e6fd36d4c39c613df0878ae4730f372c6f2bd2a189d4d31624f52fb0a,Beautiful Sunday,USV351317686
191,Ab in den Süden,Buddy,2003,https://www.youtube.com/watch?v=q5WdWSpz1vQ,ac3d5373823de666f0b2bc146e9408c561c6578c11a32f95dfc063e1476befd7,Ab in den Süden,DEZ921300172
192,"I'll Be Missing You (feat. Faith Evans, 112)",Diddy,1997,https://www.youtube.com/watch?v=pNPf-aP-bsA,8d78fa9c92760616df87ea8d48a5080e35c0e9a949432abc5be2fdd90a962395,"I'll Be Missing You (feat. Faith Evans, 112)",USBB40581044
193,Stole the Show,Kygo,2015,https://www.youtube.com/watch?v=Vs3LXhqm5h4,65dfea301173dff79066c70ea4b30f04047f28268afe123e1b4f10aa8e47d216,Kygo - Stole The Show (Lyrics) feat. Parson James,SEBGA1500071
194,Despacito,Luis Fonsi,2017,https://www.youtube.com/watch?v=kJQP7kiw5Fk,5a2272a37035af8d0556edfd004c5030524cdb607589b45ff92f77df95ab4f17,Luis Fonsi - Despacito ft. Daddy Yankee,USUM71607007
195,Sweet About Me,Gabriella Cilmi,2008,https://www.youtube.com/watch?v=qvuyYj5ROmk,f34eac7c1c2d0bd36af1220b187c0e0fe4d27f11a95315ac767a1c4b6a9046de,Gabriella Cilmi - Sweet About Me (Official Video),GBUM70709626
196,Au Revoir (feat. Sido),Mark Forster,2014,https://www.youtube.com/watch?v=VTogdK-LHZg,1b6c00b4ef5ff6ea12c69af186fb3e6c2d5eb0922254b6457c4bf1ac570457ca,Au Revoir,DEQ321400093
197,Hamma!,Culcha Candela,2007,https://www.youtube.com/watch?v=lhZfb8b3DR8,4f34a7e2283449381741703d7503018313347d806ddd1e7eb2a55c42120aed7c,Hamma! (Single Edit),DEUM70706793
198,Shape of You,Ed Sheeran,2017,https://youtu.be/JGwWNGJdvx8?t=5,63da764821136fc2248e8513b198802fb62625388c87fbf8358245bca3e0ea93,Ed Sheeran - Shape of You (Official Music Video),GBAHS1600463
199,Swing The Mood,Jive Bunny and the Mastermixers,1989,https://www.youtube.com/watch?v=1w88-T0p-I8,e577bb39dc84e86196a112e2bbbfa71eaaeaa733ff466332f959a4f34a2057ae,Swing the Mood,GBCMJ9905669
200,Jumpin' Jack Flash,The Rolling Stones,1968,https://www.youtube.com/watch?v=KXUJMaYzh6U,d0f54fcac85c47bce6b4b7832fd27bb97e97c5fb26c6120a6a90190686c9999e,Jumpin' Jack Flash,USA171810060
201,Played-A-Live (The Bongo Song),Safri Duo,2000,https://youtu.be/o_ZBzGlYS6g?t=5,c76435447b30b5f8b3b4821ad8dbb7a4c40d32b1254477127998f44e00c0bed2,Played-A-Live (The Bongo Song) (Radio Edit),DKBKA0001601
202,Kingston Town,UB40,1989,https://www.youtube.com/watch?v=2UOY1JeFvAw,e7c667d8ebdc1e73211b1b7c378562005529af8bcff17a45f1a072475aef8c4f,Kingston Town (Remastered),GBAAA8900032
203,I Don't Care (with Justin Bieber),Ed Sheeran & Justin Bieber,2019,https://www.youtube.com/watch?v=y83x7MgzWOA,89db0274b70bccc627d6aaf9502daa9991152f823bb206b8d3c94e0cc2f03032,Ed Sheeran & Justin Bieber - I Don't Care [Official Music Video],GBAHS1900672
204,"I'll Be There for You (Theme from ""Friends')",The Rembrandts,1994,https://www.youtube.com/watch?v=RIjTq_OdFvo,e181d4a592abe737caf3432e008543526e2c84a4b9a6ca7e4fc94e90443db6c2,"I'll Be There for You (Theme From ""Friends"")",USEE10900777
205,Please Don't Go,Double You,1992,https://www.youtube.com/watch?v=9oWr1muik7M,9cec657a02d8ae4d46d7689dfc4df4da2ef5fe67b691e9a932ded1a9be522e43,Please Don't Go,IT00C9200201
206,In My Mind,Dynoro,2018,https://www.youtube.com/watch?v=5gga8E43clk,9f17d1a587c4cbc76e281238f1030fc78a4d4777b9d0d6be7a8e112f1c81fee6,Dynoro - In My Mind (Official Video),QZ22B1859046
207,Rose Garden,Lynn Anderson,1970,https://www.youtube.com/watch?v=roxohOzFz3E,23715bfe57238e670ecb778b57d0db2fe9c6f7cffd62c2e0e03da9c6840f618e,Rose Garden,USSM17000700
208,Perdona,Tiziano Ferro,2001,https://www.youtube.com/watch?v=eVvynsdd8h0,55aab3abec0a610602afa05faf9b677ac9eb220365e48867339f4ec2a5e68322,Perdona,ITB920200002
209,This Love,Maroon 5,2002,https://www.youtube.com/watch?v=XPpTgCho5ZA,1e25e0be35ac2fc3101e4f2769c5586548551d5287e96096a527697d743d0f6c,Maroon 5 - This Love (Official Music Video),USJAY0300080
210,It's Not Unusual,Tom Jones,1965,https://www.youtube.com/watch?v=k-HdGnzYdFQ,690f99ff72e5878ab9444e4be58fa68bc16f39818eaa8da85966ce08d8cfe9f8,It's Not Unusual,GBF076520010
211,"Türlich, Türlich (Sicher, Dicker)",Das Bo,2000,https://www.youtube.com/watch?v=iEjiMf7QIyM,d9ab0524b50a39556d225a28fd57d6a1b02f955cd6913b17325c09aa2dea01ba,"Türlich, Türlich (Sicher, Dicker)",DEZN32100024
212,Ghetto Supastar (That is What You Are) (feat. Ol' Dirty Bastard & Mýa),Pras,1998,https://www.youtube.com/watch?v=MnWogQTfSIY,53e3748996e2849ada1a07f213912a3b99b8f2927e4493eda4588e495eea6e70,Ghetto Supastar (That is What You Are),USSM19803488
213,La Camisa Negra,Juanes,2004,https://www.youtube.com/watch?v=7fwUH0oRmkQ,68538493213baec2c55661cc2e5755e236249d54577d96367dd4f84a06125a91,La Camisa Negra,USUL10400965
214,Call Me Maybe,Carly Rae Jepsen,2011,https://www.youtube.com/watch?v=fWNaR-rxAic,3d491d026bf13ae5f7b3e69ec79588012712f04ef9512057e6dbb49dbdb192c8,Carly Rae Jepsen - Call Me Maybe,CAB391100615
215,No No Never,Texas Lightning,2006,https://www.youtube.com/watch?v=FojUoWKmSsU,a41c3b0d553fd7222c19374d249c93a1ff12e1d109ea5ac286fb97913a93c61e,No No Never,DEX570600001
216,Everybody,DJ BoBo,1993,https://www.youtube.com/watch?v=MM19WL9r4_0,0181dfa3e0ba2db652c9ca5fa6744365f1e4187bbf180e8193fd855fc779eccf,Everybody,DEMI60600006
217,Cose Della Vita (with Tina Turner),Eros Ramazzotti,1993,https://www.youtube.com/watch?v=7s_b7Q_5UZU,ec115e904fafc31c3027c6f98ce821b23b69de41708ac92ba4361f3781e6b90d,Cose della vita (Can't Stop Thinking of You),ITB009700361
218,Miss California,Dante Thomas,2001,https://www.youtube.com/watch?v=hJAh2noiK6w,51ac7d685b93d9efc6de7d4f989d98388f4b34a9f193fd4811b51aadaae6102e,Miss California,USEW20000324
219,Country Roads (Dance Radio Version),Hermes House Band,2001,https://www.youtube.com/watch?v=krLcc21v9cU,af857c3613e9d3d2a922f3ff033a42b0329407bda5a3adc98f68fd9235939c2f,Country Roads (Dance Radio Version),NLA910100123
220,The Safety Dance,Men Without Hats,1982,https://www.youtube.com/watch?v=M-FlrqHE5MY,2b3fcc0f4a0382914aec38dfe82affcf01fbf34cc50851ae7ea3710f395fa43b,The Safety Dance,GBBLG0200043
221,Gypsy Woman (She's Homeless) (La Da Dee La Da Da),Crystal Waters,1991,https://www.youtube.com/watch?v=KHIgpxwdZfg,3b66cdf961fd4d2ad94602231a5773bd39d86ede44f1562a845c926f839cf553,Gypsy Woman (She's Homeless) (La Da Dee La Da Da) (Radio Edit),USPR39102713
222,Summertime Sadness,Lana Del Rey,2012,https://www.youtube.com/watch?v=TdrL3QxjyVw,312eaa2254533403fa81926ab75ee3be051087066d99fae6686065f9a9528696,Lana Del Rey - Summertime Sadness (Official Music Video),GBUM71111565
223,Get It On,T. Rex,1971,https://www.youtube.com/watch?v=B0hCPOaXvsE,b69505658574d459061e03d1136056bc0853a3dfc20ff69a9cb9dd6aef256d63,Bang a Gong (Get It On),GBCHM7100038
224,Blue (Da Ba Dee),Eiffel 65,1999,https://www.youtube.com/watch?v=frb34jzxrf0,035ddf8bc5f1440f62edbef95451cac103a8869ae28664cb9cd65b7d5b5c38d2,Blue (Da Ba Dee) (DJ Ponte Ice Pop Radio),ITT019810102
225,Maria,US5,2005,https://www.youtube.com/watch?v=OI_shpuZ-FY,f91decb0abd74f1927d8eee751364bae3147dc13789b8df6479263b800727db2,Maria,DEPI82102292
226,No Limit,2 Unlimited,1993,https://www.youtube.com/watch?v=HMTCw8CtX0E,f258d6a4d59402f39f189374388221391df3708eec11a27a60da5a3dec2e8149,No Limit,BEAA19507007
227,American Pie,Don McLean,1971,https://www.youtube.com/watch?v=PRpiBpDy7MQ,673d498b2a6173b71479bf68c091870a6dd86d8ec20f33ed6a12283eb9cf1f87,Don McLean - American Pie (Lyric Video),USEM39000209
228,Sugar Baby Love,The Rubettes,1974,https://www.youtube.com/watch?v=x6PRG-E4nYo,afc0536d9460c8a7b4bf3621baf24aae5ecd631709d6d4671a035050a82a6c62,Sugar Baby Love,GBAKW7400099
229,Lieblingsmensch,Namika,2015,https://www.youtube.com/watch?v=3ryohiCVq3M,8c1c917b2c7e3f986e263c7c9afeba7e601ae259f72ecb3f055266d2725b9645,Namika -  Lieblingsmensch (Official Video),DEE861500389
230,Let It Be,The Beatles,1970,https://www.youtube.com/watch?v=QDYfEBY9NM4,5f5855eebb574ab6ec7a8af0d1fd494ba2435a62a040419d091498dbc6f4119f,Let It Be (Remastered 2009),GBAYE0601713
231,Around the World (La La La La La),A Touch Of Class,2000,https://www.youtube.com/watch?v=Se237UXFKlQ,4d824a9d91997bc6c1cc9d060c2dae284650f882285eb3f032bf3804ce2a5e6e,A Touch Of Class - Around the World (La La La La La) (Official Video),DEP810000008
232,Party Rock Anthem,LMFAO,2011,https://www.youtube.com/watch?v=zIh5AHxh-Ok,59591d272adfd849a0e8c56ebf415e1b57afa79a1a4d54cf06bcf9d77ff36e08,"LMFAO ft. Lauren Bennett, GoonRock - Party Rock Anthem (Official Audio)",USUM71100061
233,Backseat of Your Cadillac,C.C. Catch,1988,https://www.youtube.com/watch?v=giNe1IY8N_E,96c477426ab581221024b65f05d52f76dfce55cdc86f34a1950085d095757b3b,Backseat of Your Cadillac,DEH820500223
234,Crazy,Gnarls Barkley,2006,https://www.youtube.com/watch?v=gFtjckFWRZM,43b6bda20187deca21ffeea81acd8204a1540bed729dbf07a97819d4705865cd,Crazy,GBAHT0600202
235,Tom's Diner,DNA,1987,https://www.youtube.com/watch?v=FusUqeoYPtE,f8137fe4948e77e4713002251cdc540595b5e731a9fbdd7812ea3711004b9fa2,Tom's Diner,USAM19104303
236,Love Runs Out,OneRepublic,2013,https://www.youtube.com/watch?v=0OWj0CiM8WU,2a099eaf29b7b6305a987336e4c6f713a91988e102cc738b1f5ea9721582473c,OneRepublic - Love Runs Out,USUM71404631
237,Never Gonna Give You Up,Rick Astley,1987,https://www.youtube.com/watch?v=dQw4w9WgXcQ,ea6432992331a13184e0de40254b4992a133dcca7f4adf8831759fbc99d89bba,Rick Astley - Never Gonna Give You Up (Official Music Video),GBARL9300135
238,It's a Real Good Feeling,Peter Kent,1979,https://www.youtube.com/watch?v=pQVnTxRLho8,5bac9ae920a65fed3b1696b68fdb480a55d74f511630957999b270430cea0f03,It's A Real Good Feeling,AUXN22294751
239,Aicha,Outlandish,2002,https://www.youtube.com/watch?v=f0nFTdKlKLw,9acea03e3655cf235b55761469c7bf492e347a688d5fcffb9587511723275863,Outlandish - Aicha (Video),DKADG0201504
240,Heart Of Gold,Neil Young,1971,https://www.youtube.com/watch?v=c7eB7Wns1-M,c61e600df767e254f0d9879b36e4b40fe6576c60835bae964b19ab63eab62545,Neil Young - Heart of Gold (Official Audio),USRE19900182
241,Semi-Charmed Life,Third Eye Blind,1997,https://www.youtube.com/watch?v=KR5pPlE4rqc,5aa55dc5b87c63a9db9a26aa345204118b8b0caa2684a863b24d477639f2c746,Semi-Charmed Life (2006 Remaster),USEE19701203
242,Glow,Madcon,2010,https://www.youtube.com/watch?v=P9QBK1W9Ag4,88321593adffbf235e799924758ab6bd95efaf0bbbb07440726654604537245c,Madcon - Glow - Official HD Video,NOBLV1005010
243,Looking for Freedom,David Hasselhoff,1989,https://www.youtube.com/watch?v=JqP1YDwOQuw,691dc6ac8b5ae14ffe98e842e4b755b3a98e79c00d7133a33f3a640ee0ea1f4a,Looking for Freedom,DEC718900010
244,All Summer Long,Kid Rock,2007,https://www.youtube.com/watch?v=C6uP3uA6yLs,8618811af7106661b51f9fa69f4bc89dcd20d908d6e220ed3f1dfa685697e62e,All Summer Long (2018 Remaster),USAT20704333
245,Zwei Mädchen aus Germany,Paul Anka,1964,https://www.youtube.com/watch?v=n2rnoOMXkm4,1a8b332187df72f494c96beb61bd9797ce00598c1e84e1c6f35820af5cdde17e,Zwei Mädchen aus Germany,DEAR41617538
246,Mr. Saxobeat,Alexandra Stan,2010,https://www.youtube.com/watch?v=nwsewSMWIas,497f6a44fa1a821670d593e2f20f70f76623794558bcb9b02e8b2985e108d565,Alexandra Stan - Mr. Saxobeat (Official Video),ROCRP1002864
247,Ferrari,James Hype,2022,https://www.youtube.com/watch?v=CgeleP7nWN0,6ddb7b365037b4d055959e9bcfeb9973bf1fc39c03ea75be8b2bd3e9215df206,"James Hype, Miggy Dela Rosa - Ferrari (Lyric Video)",GB3CE2200004
248,Wunder gibt es immer wieder,Katja Ebstein,1970,https://www.youtube.com/watch?v=JsPiUDBbluQ,a55634eda9818212a82b531aa804c474c1d642b16f1e6ded875272aba0764806,Katja Ebstein - Wunder gibt es immer wieder 1970,DEA817000006
249,Chocolate (Choco Choco),Soul Control,2004,https://www.youtube.com/watch?v=kTylYpwQ74w,1d3126cb31dcb3023369fabf52c8357c81e340bf0db7c63ade69650d28fc7185,Chocolate (Choco Choco),DEA312007513
250,I Swear,All-4-One,1994,https://www.youtube.com/watch?v=upB-OYQ_Ajo,942b30fa7bf2d2c4c209e99f912e89d5ff62e7ba5f783424d3ba017d37fe09e8,I Swear (Radio Edit),USAT29400058
251,"Zeit, dass sich was dreht",Herbert Grönemeyer,2006,https://www.youtube.com/watch?v=s7Ja9S8W-QQ,dd35587116bd1bb1459c7227a40257e7eeddb2bdce4dfa2a2761f5dfd9d3ff28,"Zeit, Das Sich Was Dreht",DEC610800606
252,Ich bin der Martin 'ne,Diether Krebs,1992,https://www.youtube.com/watch?v=lTSfscNQz50,e464488197ee1474d266eae06a9beb484194ad0b00769fe7051d49d4b0fb1bc8,"Ich bin der Martin, ne ... ?!",DEG419900676
253,Komet,Udo Lindenberg,2023,https://www.youtube.com/watch?v=rqvdfwo9TGc,b2e9f676b6d33f220f106e6cf051200733d9d85bc8311b3563871eb3d3b9b349,Komet,DEA622202192
254,Dicht im Flieger,Julian Sommer,2022,https://www.youtube.com/watch?v=hzqcMvDON1g,e4d5d02ec4e0d0d550102f6b1f976d6e556a31ac642459a115e853df0b81cd3a,Julian Sommer - Dicht im Flieger (Offizielles Musikvideo),DEUM72201033
255,Rock Your Baby,George McCrae,1974,https://www.youtube.com/watch?v=0xVCT0MzBDo,25e7a9a22b6f03ea046c74677a38e68fffedd77a9d3cc9d579008dd6006ba7ac,Rock Your Baby (2012 Remaster),GBAYE7400155
256,We're Going To Ibiza!,Vengaboys,1999,https://www.youtube.com/watch?v=MXXRHpVed3M,07ccbf6d91a92bfb12706f64f4bad4bde17952c3870c8bb7aacd760462d1b5f2,Vengaboys - We're Going to Ibiza!,NLC529811170
257,Frühstück in Paris,Capital Bra,2020,https://www.youtube.com/watch?v=eLA4nLUXfv8,a831fabbbda17929725b94f4ca48fb3efad21e6c7ee2fe68c0c78864c88ddb5a,Frühstück in Paris,DECE72000990
258,Lambada,Kaoma,1989,https://www.youtube.com/watch?v=ooxAZfr-woI,72c6de66f4c50ac392e2e2ddae4577ff35eb86e4163271139f70cb34a5c4af35,Lambada (Original Version 1989),FR6V89602629
259,Satellite,Lena,2010,https://www.youtube.com/watch?v=93ugDwiBVzA,7d6d6e495bc8a023294dcb26f4d9ac62591fb50f27ddfe672893b95c9b7a5b41,Satellite,DEUM71001210
260,Don't Leave Me This Way,Thelma Houston,1976,https://www.youtube.com/watch?v=rUdw7V-FC_Q,f168a443fe058bb2d39cff030657bb0cd5406dfc8da7e22848cde7c03cd81210,Don't Leave Me This Way,USMO17600547
261,You Really Got Me,The Kinks,1964,https://www.youtube.com/watch?v=fTTsY-oz6Go,cf169eabac558977afa6c14812c5028ddda83412e0491b9764e026fd800e2978,The Kinks - You Really Got Me (Official Audio),GBAJE6400005
262,Smooth (feat. Rob Thomas),Santana,1999,https://www.youtube.com/watch?v=c-dQmVi0HlM,9ac0f882accb84a1ae472f0ff11b391bfe336ec023ec202a798f2454cc7f334c,Smooth (Radio Edit),USAR19900033
263,Don't Cha,The Pussycat Dolls,2005,https://www.youtube.com/watch?v=QbzbcglUvhQ,d766e18e76701fd1f7f2b299288922d3f369d58e32a189510755db0a03f01038,Don't Cha (Radio Edit),USUM70503191
264,You Can Get It,Mark Medlock,2007,https://www.youtube.com/watch?v=P6kAoYFejFs,c856bb30d898454db77b2e797423ecb0dc7c5828ab7de30259ba90b9be875135,You Can Get It,DEE860700443
265,Let's Talk About Sex,Salt-N-Pepa,1990,https://www.youtube.com/watch?v=8zWhI5ZjkDY,b4894972f7d827ca44a5714806063562ea3ad35306b51490f676dc0b6cb12081,Let's Talk About Sex,USIR20180412
266,Waka Waka (This Time for Africa),Shakira,2010,https://youtu.be/pRpeEdMmmQ0?t=12,7d869d04671b2337a1fe45f42046e5cebaad9e27ded35a9a30850337456eada9,Shakira - Waka Waka (This Time for Africa) (The Official 2010 FIFA World Cup™ Song),USSD11000358
267,Hot Summer,Monrose,2007,https://www.youtube.com/watch?v=ikgpaT5_XXY,6c4b5472e14263218ee0eea93936915acbe4830af5eff7b304e669a6314153d3,Monrose - Hot Summer (Official Video),DEA620700243
268,Friday (feat. Mufasa & Hypeman),Riton,2021,https://www.youtube.com/watch?v=U6n2NcJ7rLc,bcec4f46aba6d8f37dd182b809db50c3e24a1290367acc19735853de7154b6a6,Riton x Nightcrawlers - Friday ft. Mufasa & Hypeman (Dopamine Re-edit) [Official Video],GBCEN2000163
269,The Free Electric Band,Albert Hammond,1973,https://www.youtube.com/watch?v=Na148b5lM_g,a4d9a3f93e5e9cfa84cbd91ce77d4f828c6670fb3ad924beca36fda3a907af04,The Free Electric Band,USSM17300806
270,Kung Fu Fighting,Carl Douglas,1974,https://www.youtube.com/watch?v=hq5REevpSP8,4b9381b2a88c91013ae15b687ce78e1c36ab450824ee93b847b4b4b3db2180c7,Carl Douglas - Kung Fu Fighting (Original Version Official Audio),GBAJE7400014
271,Welcome to St. Tropez - DJ Antoine vs. Mad Mark Radio Edit,DJ Antoine,2011,https://www.youtube.com/watch?v=LuOcaIilW9k,46865611e6f0519c8e8767035bde522dafc662e0b2ae7d3b6008b3e07abbf40e,Welcome to St. Tropez (DJ Antoine vs. Mad Mark Radio Edit),DEN061101459
272,Im Nin'alu,Ofra Haza,1988,https://www.youtube.com/watch?v=l2JR7c0afjU,55dbef14832e239e2e4674edf06fb6bb815e24449e96cddd239baf5814468c9e,Im Nin Alu-2000,IL1001900030
273,D.I.S.C.O.,Ottawan,1979,https://www.youtube.com/watch?v=EO51YkA3qys,9119f845da3956aa1a75dde569d5b9380cbe88373e9a66e7768c95a9f09face4,D.I.S.C.O.,FR58F7900100
274,Una Paloma Blanca,George Baker,1975,https://www.youtube.com/watch?v=BuRYDZJxr3g,d7571848892255b7d78c9ed5e82d3138ea81e6cab8493a08a1e9cc6853ec4170,Una Paloma Blanca,NLA279500913
275,Tarzan Boy,Baltimora,1985,https://www.youtube.com/watch?v=U7ZUdutweeo,3e090a4478942edc8a26445fa879539a82ec74b6d595794e5dc2eb8151f2a737,Tarzan Boy,ITD008500001
276,Stars On 45,Stars On 45,1981,https://www.youtube.com/watch?v=VXcWSppu3A8,bdc2e37656efc6b98542e38801dcc8acb8e885ddd08c4ae5b603b1ca7bde2cdb,Stars On 45 (Original Single Edit),NLC288100003
277,When Love Takes Over (feat. Kelly Rowland),David Guetta,2009,https://www.youtube.com/watch?v=zudbz4hOcbc,e09288fb736904cd32508d68f4fd41809990d89d4ecc4928bb31bbf46f8948f6,David Guetta Feat. Kelly Rowland - When Love Takes Over (Official Video),FRZID0900200
278,Aloha-Ahe,Freddy Quinn,1962,https://www.youtube.com/watch?v=XsTk0PMIVMY,90f41636195a8229af5909ad06ffd87c0b4a2a183b3f7e205ec4d0c2a221da7b,Alo-Ahe,QMDA71378219
279,Chequered Love,Kim Wilde,1981,https://www.youtube.com/watch?v=T8erTo_ROmU,eccde05fa181420bffe79ac5f902de1c19cb8700f4412e6ab16c420fa08fdd27,Chequered Love [2020 Remaster],GBAYE8100010
280,Arrivederci Claire,Andy Borg,1982,https://www.youtube.com/watch?v=3w5VywcytnM,353d5c6070c844e15d3bdada45f4b139f16de898e87deb8f2f859412621c50c5,Arrivederci Claire,DEA600200669
281,Funkytown,Lipps Inc.,1979,https://www.youtube.com/watch?v=hbp53NNBzTw,eb2b1c158ffa48f167b094dd5ebfdb8a3ff57de0fa8d9e5127add354b34218ca,Funkytown,USPR37902457
282,Flowers,Miley Cyrus,2023,https://www.youtube.com/watch?v=G7KNmW9a75Y,c5001cd4609e73c3e99ea2b1b998f2aab460485b698bbbe8fe5e728ce47f11d4,Miley Cyrus - Flowers (Official Video),USSM12209777
283,Iko Iko (My Bestie) (feat. Small Jam),Justin Wellington,2019,https://www.youtube.com/watch?v=TzwqnlYMqIg,09d009d4808efd52d92883f05e4218c2706ffb326612111d3c64014beefb4c47,Justin Wellington - Iko Iko (My Bestie) feat. Small Jam,GBARL2100825
284,You're The One That I Want - From Grease,John Travolta,1978,https://www.youtube.com/watch?v=e__Pp4FxsjU,4f088731a95311fbca498180f233809bdc08870219abec332761954476bdec6d,You're The One That I Want (From “Grease”),NLF057890004
285,Want to Want Me,Jason Derulo,2015,https://www.youtube.com/watch?v=X_mxDuaOOjI,ff4602108d4b1dc52d09e4d6e90f6ef06165a65504fb18fdd88f2839e6a5d272,"Jason Derulo ""Want To Want Me"" (Official Audio)",USWB11503046
286,Self Control,Laura Branigan,1984,https://www.youtube.com/watch?v=FQD0yGuZ2N8,e7ceb80e0ab393484541cf889a972702d6e3ca38d399d5b56e8b8f7359475eff,Self Control,USAT20903047
287,Nossa Nossa (Ai Se Eu Te Pego),Michel Teló,2011,https://www.youtube.com/watch?v=hcm55lU9knw,33128aed5944d2d3260ea5961dac2a53e21b8f990001a2822b603599de816739,Michel Teló - Ai Se Eu Te Pego -  Video Oficial (Assim você me mata),DEY691200102
288,Carnaval de Paris,Dario G,1998,https://www.youtube.com/watch?v=qWcOxPfzRPs,0abb532b3df08b276666e59dcce5d68eff9e87175a3ff16b0eb70ae31606ac5c,Carnaval de Paris (Radio Mix),GBAHT9802811
289,Live Is Life ,Opus,1984,https://www.youtube.com/watch?v=BODBiJz7RoY,43877ac9973991e3f828e11032852d6488864dcd2339e54953b9ca07de4638c0,Live Is Life (Digitally Remastered) (Live),ATX141100001
290,Unsere Lieder,Ben Zucker,2022,https://www.youtube.com/watch?v=WRZyd_WkXhs,2564eaef4314d711211ee8c9fa7d5e65f13d5d9c18b01f1a226b87a78f508b21,Ben Zucker - Unsere Lieder (Offizielles Musikvideo),DEUM72202455
291,In Your Eyes (feat. Alida),Robin Schulz,2020,https://www.youtube.com/watch?v=mDLiAs5k1oI,9e5d3bca6122a81d870a0a130c76043822885e7d006702a034a19df61f891330,Robin Schulz feat. Alida – In Your Eyes (Official Music Video),DEA621901341
292,Never Let Me Down,VIZE,2020,https://www.youtube.com/watch?v=FE59sa7axHQ,38af59bde82c0221a95f258cc9e8d8272fdb5c2935cffc07c80213d7ace39677,VIZE & Tom Gregory - Never Let Me Down (Visualizer) [Ultra Music],DEN062003458
293,Millionen Lichter,Christina Stürmer,2013,https://youtu.be/AgSKO0memAs?t=14,0c97c1dde50751f1761f1169c791080e7580f293cd8b1e97aebf32cbd9e6736a,Christina Stürmer - Millionen Lichter,DEUM71300342
294,When The Beat Drops Out,Marlon Roudette,2014,https://youtu.be/BLRgaU9uUnA?t=14,133c85172702472c6ec2c619975cf7e810115c512103153bd92fc3f18719e538,Marlon Roudette - When The Beat Drops Out,GB27E1400001
295,Butterfly,Danyel Gerard,1971,https://www.youtube.com/watch?v=3hwt6ZMHniE,e07512d808437a33ba55e0978865815ed89cdebc461b6ade904a98dcd609db6f,Butterfly,FRZ087500010
296,Danza Kuduro,Don Omar,2010,https://www.youtube.com/watch?v=qdGvQweTghA,b32965cbe5fb7a30c0e31dd2c3781f432c9a365409ddb4d4c61a5a47d77ae464,Danzar Kuduro (feat. Lucenzo),USUM71020778
297,La vie en rose,Grace Jones,1977,https://www.youtube.com/watch?v=intcKvTQzlI,5c5277ba9feb9cbf3808958c43b5d25a47e9cfaecbd4613ebfb37e1fe9984b8d,La vie en rose,USIR27700004
298,Club Tropicana,Wham!,1983,https://www.youtube.com/watch?v=v2_UulzmUtY,718c2413548e1873366cce018f569e541b929cf8746b593612f9b2f73dd9a051,Club Tropicana,GBBBM8300007
299,Maneater,Nelly Furtado,2006,https://www.youtube.com/watch?v=7RdcBwSAZtk,5bda110fb88f00a6e564d19fd3e2a73e53565b4c8037bac69634357002119c52,Maneater (Radio Version),USUM70601449
300,La Isla Bonita,Madonna,1986,https://www.youtube.com/watch?v=ZmzjH6OjjIA,10ebcd3a2a108242a050f0abcd813fade6e09a293184d9a2b4ad9d72f46a01db,La Isla Bonita,USWB19903355
301,Übermorgen,Mark Forster,2020,https://www.youtube.com/watch?v=1tD41isys1o,356b25d29131a5e4a21e6bc96bcd0bee67481595af6e86c1623cea93ea262659,Mark Forster - Übermorgen (Official Video),DEQ322000065
302,Get Down,Gilbert O'Sullivan,1973,https://www.youtube.com/watch?v=LtAElNf_klQ,3380bfe45c149d2bb024e310b3a128abbe6373b1348a7f034e8e9bb7b60a5bde,Get Down,GBEQJ0400004
303,Israelites,Desmond Dekker,1968,https://www.youtube.com/watch?v=0wSXTN2EfRo,4c74f6589e812d8e435a34fff42c8f7df62763d5e3bc51b80fb77d1d8f4f406f,Desmond Dekker & The Aces – Israelites (Official Lyrics Video),GBAJE6800413
304,What A Feeling,Irene Cara,1983,https://www.youtube.com/watch?v=xuHwv07G3qE,34a9f886d111be4eae5c088726d4d6c1de0cd1ee289308a544cd05255a1ae7f5,Flashdance... What a Feeling (Radio Mix),USA560619873
305,Music,John Miles,1976,https://www.youtube.com/watch?v=lAsvjVx-Mg4,e52f2fbd77b4b7177b453563dba99498732f3d52f6cb10c667f75b176a83d75c,John Miles - Music - 1976,GBF077620010
306,Santamaria,Oliver Onions,1980,https://www.youtube.com/watch?v=UalYNiT5Tvo,16d924946858ae29db6e703a5e229030b469c13dffc70ed66e8423f4a83787c0,Oliver Onions - Santa Maria,DEA370801193
307,Radar Love,Golden Earring,1974,https://www.youtube.com/watch?v=ckM51xoTC2U,44cf9ff0e1c74f48672f37b8049393fea5474ba6186146c54ba0b374bd77ea28,Radar Love,NLC287300054
308,Lovers on the Sun (feat. Sam Martin),David Guetta,2014,https://www.youtube.com/watch?v=EpbjEttizy8,d76e0c19667f820c2f1ebfa5e41358074763075e9a451edab8bb3a2c2b06156f,David Guetta - Lovers On The Sun (Lyrics Video) ft Sam Martin,GB28K1400017
