Card#,Title,Artist,URL,Hashed Info,Youtube-Title,Year
1,Voyage voyage,Desireless,https://www.youtube.com/watch?v=NlgmH5q9uNk,d37573f6,Desireless - Voyage Voyage (Official HD Video),2001
2,Everybody (Backstreet's Back) - Radio Edit,Backstreet Boys,https://www.youtube.com/watch?v=6M6samPEMpM,72c8d834,Backstreet Boys - Everybody (Backstreet's Back) (Official HD Video),1997
3,Gypsy Woman (She's Homeless) (La Da Dee La Da Da) - Basement Boy Strip To The Bone Mix,Crystal Waters The Basement Boys,https://www.youtube.com/watch?v=ojncAZyiIIM,7ecc5203,Gypsy Woman (She's Homeless) (La Da Dee La Da Da) (Basement Boy Strip To The Bone Mix),1991
4,Amoureuse,Véronique Sanson,https://www.youtube.com/watch?v=-bMGM8P_Uao,d5f3c164,Amoureuse (Remasterisé en 2008),1984
5,Memories,Maroon 5,https://www.youtube.com/watch?v=SlPhMPnQ58k,5e27d75d,Maroon 5 - Memories (Official Video),2021
6,X,Nicky Jam J Balvin,https://www.youtube.com/watch?v=_I_D_8Z4sJE,e18d71b6,X (EQUIS) - Nicky Jam x J. Balvin | Video Oficial (Prod. Afro Bros \u0026 Jeon),2019
7,Airplanes (feat. Hayley Williams of Paramore),B.o.B Hayley Williams,https://www.youtube.com/watch?v=kn6-c223DUU,c7a2f1ab,B.o.B - Airplanes (feat. Hayley Williams of Paramore) [Official Video],2010
8,I'm Outta Love - Radio Edit,Anastacia,https://www.youtube.com/watch?v=TnOy6HEf7HU,91e199b4,Anastacia - I'm Outta Love (Official 4K Video),1999
9,Bye Bye Bye,*NSYNC,https://www.youtube.com/watch?v=Eo-KmOd3i7s,aabb53cc,*NSYNC - Bye Bye Bye (Official Video),2000
10,The Final Countdown,Europe,https://www.youtube.com/watch?v=9jK-NcRmVcw,22d818ab,Europe - The Final Countdown (Official Video),1986
11,Le Banana Split,Lio,https://www.youtube.com/watch?v=sJZ1G0e5bWU,a1a6cb71,Lio - Le Banana Split (Clip Officiel),2016
12,Follow The Leader,The Soca Boys Van B. King,https://www.youtube.com/watch?v=BbA1Lh3cdnE,84af2305,The Soca Boys ft Van B. King - Follow The Leader (Live Video),1998
13,Here Comes The Hotstepper,iNi Kamoze,https://www.youtube.com/watch?v=15UffN8eilI,9ae86cae,Ini Kamoze - Here Comes The Hotstepper (Remix) (Video),2020
14,I'll Be There for You (Theme from Friends'),The Rembrandts,https://www.youtube.com/watch?v=S8PNXgLhkT0,8f25a104,The Rembrandts - I'll Be There For You (Theme From FRIENDS),1995
15,The Middle,Jimmy Eat World,https://www.youtube.com/watch?v=oKsxPW6i3pM,5329699f,Jimmy Eat World - The Middle (Official Music Video),2001
16,Girl on Fire,Alicia Keys,https://www.youtube.com/watch?v=J91ti_MpdHA,b4b5a7e6,Alicia Keys - Girl on Fire (Official Video),2012
17,Would I Lie To You?,Charles & Eddie,https://www.youtube.com/watch?v=G_UXvcr22rM,3060d0a7,Charles \u0026 Eddie - Would I Lie To You,1992
18,Suavemente,Elvis Crespo,https://www.youtube.com/watch?v=WPiEbYSF9kE,22372e0f,Elvis Crespo - Suavemente,2008
19,Love Tonight (Edit),Shouse,https://www.youtube.com/watch?v=-d72XNa4yIM,717c2274,SHOUSE - Love Tonight (Official Radio Edit),2017
20,Have You Ever Seen The Rain,Creedence Clearwater Revival,https://www.youtube.com/watch?v=u1V8YRJnr4Q,4838814b,Creedence Clearwater Revival - Have You Ever Seen The Rain (Official),1970
21,I WANNA BE YOUR SLAVE,Måneskin,https://www.youtube.com/watch?v=yOb9Xaug35M,f2ec6110,Måneskin - I WANNA BE YOUR SLAVE (Official Video),2021
22,Loco Contigo (feat. J. Balvin & Tyga),DJ Snake J Balvin Tyga,https://www.youtube.com/watch?v=zNl00mOSnJI,042f7a41,DJ Snake J Balvin Tyga - Loco Contigo,2019
23,Lady Lay,Pierre Groscolas,https://www.youtube.com/watch?v=ShIt7ZjkGU8,0006333f,Pierre Groscolas - Lady lay (1974),2020
24,Havana (feat. Young Thug),Camila Cabello Young Thug,https://www.youtube.com/watch?v=BQ0mxQXmLsk,6d282350,Camila Cabello - Havana ft. Young Thug,2018
25,Stach Stach,Bratisla Boys,https://www.youtube.com/watch?v=dguwagsajok,080a83ef,Bratisla Boys - Stach Stach HD,2002
26,Sur un air latino,Lorie,https://www.youtube.com/watch?v=XHGkGE6b850,4ab28cb7,Lorie - Sur un air latino (Clip officiel),2002
27,Control,Zoe Wees,https://www.youtube.com/watch?v=UrGS_6_HglU,7af47393,Zoe Wees - Control (Official Video),2020
28,No Son Of Mine,Genesis,https://www.youtube.com/watch?v=cddQn1mZRfI,7b11b4d4,Genesis - No Son Of Mine (Official Music Video),2004
29,Non non non (Ecouter Barbara),Camélia Jordana,https://www.youtube.com/watch?v=JswOaaE9X-I,c5c361f9,Camélia Jordana - Non non non (écouter Barbara) (Clip officiel),2010
30,Tchiki boum,Niagara,https://www.youtube.com/watch?v=dyF8dpKPPuI,8189f4d6,Niagara - Tchiki Boum,1986
31,Prayer in C - Robin Schulz Radio Edit,Lilly Wood and The Prick Robin Schulz,https://www.youtube.com/watch?v=JrlfFTS9kGU,dfd59203,Lilly Wood and The Prick - Prayer in C (Robin Schulz Remix) [Official Video],2014
32,The Passenger,Iggy Pop,https://www.youtube.com/watch?v=-fWw7FE9tTo,823a1c4d,Iggy Pop - The Passenger (Official Video),1977
33,Swing The Mood,Jive Bunny and the Mastermixers,https://www.youtube.com/watch?v=hTA6I6hn-z4,38e2b9da,Jive Bunny \u0026 The Mastermixers | Swing The Mood | Original Video,2009
34,Conga!,Miami Sound Machine,https://www.youtube.com/watch?v=54ItEmCnP80,95bacc2b,Gloria Estefan Miami Sound Machine - Conga,1985
35,I'm So Excited,The Pointer Sisters,https://www.youtube.com/watch?v=8iwBM_YB1sE,90e243cb,The Pointer Sisters - I'm So Excited,1982
36,I Don't Want A Lover,Texas,https://www.youtube.com/watch?v=KHLchEtMKQg,e125d897,Texas - I Don't Want A Lover (Official 1989 Music Video),1989
37,Around the World - Radio Edit [Radio Edit],Daft Punk,https://www.youtube.com/watch?v=K0HSD_i2DvA,4927192b,Daft Punk - Around The World (Official Music Video Remastered),1997
38,The Power,SNAP!,https://www.youtube.com/watch?v=nm6DO_7px1I,91ab584d,SNAP! - The Power (Official Music Video),1990
39,Boom Boom Boom - Don't Break My Balls Mix,The Outhere Brothers,https://www.youtube.com/watch?v=7rGCnP6pWY0,b0514581,The Outhere Brothers - Boom Boom Boom (Don't Break My Balls Mix),1994
40,Flowers,Miley Cyrus,https://www.youtube.com/watch?v=G7KNmW9a75Y,cc68bdda,Miley Cyrus - Flowers (Official Video),2023
41,Get the Party Started,P!nk,https://www.youtube.com/watch?v=mW1dbiD_zDk,4000d585,P!nk - Get The Party Started (Official Video),2001
42,Miami,Will Smith,https://www.youtube.com/watch?v=IwBS6QGsH_4,d1780b94,Will Smith - Miami (Official Video),1997
43,Bo le lavabo,Vincent Lagaf',https://www.youtube.com/watch?v=mKSk-3yiVx0,ed6e7e35,bo le lavabo,2023
44,Maneater,Nelly Furtado,https://www.youtube.com/watch?v=PLolag3YSYU,4901de09,Nelly Furtado - Maneater (US Version) (Official Music Video),2006
45,Love Is In The Air,John Paul Young,https://www.youtube.com/watch?v=NNC0kIzM1Fo,2bdeef82,John Paul Young - Love Is In The Air (1978),1989
46,Titanium (feat. Sia),David Guetta Sia,https://www.youtube.com/watch?v=JRfuAukYTKg,8d7328a1,David Guetta - Titanium ft. Sia (Official Video),2012
47,Reggae Night,Jimmy Cliff,https://www.youtube.com/watch?v=m3Uh24QiJUI,174fae8a,Jimmy Cliff - Reggae Night (Official Video),2002
48,C'est les vacances,Ilona Mitrecey,https://www.youtube.com/watch?v=0UPoBSvmzuo,e709dde1,ILONA - C'est les vacances,2005
49,My Heart Will Go On - Love Theme from Titanic,Céline Dion,https://www.youtube.com/watch?v=9bFHsd3o1w0,4e2b9410,Céline Dion - My Heart Will Go On (Official 25th Anniversary Alternate Music Video),1997
50,One Day / Reckoning Song (Wankelmut Remix) [Radio Edit],Asaf Avidan The Mojos Wankelmut,https://www.youtube.com/watch?v=dsAFJIGvbU8,16549c55,One Day / Reckoning Song (Wankelmut Remix) [Radio Edit] - Asaf Avidan \u0026 The Mojos mit Lyrics,2012
51,Volare,Domenico Modugno,https://www.youtube.com/watch?v=u99ivDAqwSM,93fb945a,Volare (Nel Blu Dipinto Di Blu) (Remastered),2020
52,Calm Down,Rema,https://www.youtube.com/watch?v=WcIcVapfqXw,e3588545,Rema Selena Gomez - Calm Down (Official Music Video),2022
53,My Way,Calvin Harris,https://www.youtube.com/watch?v=b4Bj7Zb-YD4,4de1243e,Calvin Harris - My Way (Official Video),2016
54,Need You Tonight,INXS,https://www.youtube.com/watch?v=F93ywiGMDnQ,ba3da190,INXS - Need You Tonight (Official Music Video),1987
55,Rosalie,Carlos,https://www.youtube.com/watch?v=sqNUVg67l6Y,3c3519c2,Carlos : Rosalie (Clip officiel),1993
56,Balada - Ao Vivo,Gusttavo Lima,https://www.youtube.com/watch?v=Z1ZKaR-9Kt4,2358adaf,Gusttavo Lima - Balada (Tchê Tchê Rere) [DVD Gusttavo Lima e Você - Ao Vivo],2011
57,Satisfaction - Isak Original Extended,Benny Benassi The Biz,https://www.youtube.com/watch?v=PMXGXMZYhbg,9e4bae0c,Satisfaction (Benny Benassi Presents the Biz Isak Original Extended),2003
58,Old Town Road - Remix,Lil Nas X Billy Ray Cyrus Mason Ramsey Young Thug,https://www.youtube.com/watch?v=loSuMqwQA38,dacfc179,Lil Nas X \u0026 Billy Ray Cyrus feat. Young Thug \u0026 Mason Ramsey - Old Town Road (Remix) [Lyric Video],2019
59,Everytime We Touch,Cascada,https://www.youtube.com/watch?v=LjZ2zwXbta4,7931c9fa,Cascada - Everytime We Touch (Official Video),2010
60,Con Calma,Daddy Yankee Snow,https://www.youtube.com/watch?v=DiItGE3eAyQ,e8c30976,Daddy Yankee \u0026 Snow - Con Calma (Vidéo Officielle),2019
61,Tainted Love,Soft Cell,https://www.youtube.com/watch?v=XZVpR3Pk-r8,257ad57d,Soft Cell - Tainted Love (Official Music Video),1981
62,Samba Mambo,France Gall,https://www.youtube.com/watch?v=cD7cyp8xkZo,b1b713b9,France Gall - Samba Mambo (Audio officiel),2005
63,Don't Worry Be Happy,Bobby McFerrin,https://www.youtube.com/watch?v=d-diB65scQU,36a5f56a,Bobby McFerrin - Don't Worry Be Happy (Official Music Video),1997
64,With Or Without You,U2,https://www.youtube.com/watch?v=ujNeHIo7oTE,2adae1ec,U2 - With Or Without You (Official Music Video),1998
65,Mafiosa (feat. Caroliina),Lartiste Caroliina,https://www.youtube.com/watch?v=S6baf8BqKDI,8939eb00,Lartiste – Mafiosa feat. Caroliina (Clip Officiel),2018
66,Makeba,Jain,https://www.youtube.com/watch?v=59Q_lhgGANc,674426c3,Jain - Makeba (Official Video),2016
67,Chasing Cars,Snow Patrol,https://www.youtube.com/watch?v=GemKqzILV4w,3cceb25e,Snow Patrol - Chasing Cars (Official Video),2006
68,All Star,Smash Mouth,https://www.youtube.com/watch?v=L_jWHffIx5E,c82c164f,Smash Mouth - All Star,1999
69,Beautiful Liar,Beyoncé Shakira,https://www.youtube.com/watch?v=QrOe2h9RtWI,c9d8e2cb,Beyoncé Shakira - Beautiful Liar,2007
70,Pump Up The Jam - Edit,Technotronic,https://www.youtube.com/watch?v=9EcjWd-O4jI,c1c7b885,Technotronic - Pump Up The Jam (Official Music Video),2011
71,Uptown Funk (feat. Bruno Mars),Mark Ronson Bruno Mars,https://www.youtube.com/watch?v=OPf0YbXqDm0,9f96cbfb,Mark Ronson - Uptown Funk (Official Video) ft. Bruno Mars,2015
72,See You Again (feat. Charlie Puth),Wiz Khalifa Charlie Puth,https://www.youtube.com/watch?v=RgKAFK5djSk,c7b33d31,Wiz Khalifa - See You Again ft. Charlie Puth [Official Video] Furious 7 Soundtrack,2015
73,Du soleil dans la nuit,Gérard Blanc,https://www.youtube.com/watch?v=5f5fnAmsncY,4745d836,Gerard Blanc - Du soleil dans la nuit (Clip officiel),1988
74,San Francisco (Be Sure to Wear Flowers in Your Hair) - Single Version,Scott McKenzie,https://www.youtube.com/watch?v=Qp3eFAKgbDE,0a7fd236,San Francisco (Be Sure to Wear Some Flowers In Your Hair),1967
75,Creep,Radiohead,https://www.youtube.com/watch?v=XFkzRNyygfk,afee62ed,Radiohead - Creep,1993
76,Guajira Guantanamera,Joseito Fernández,https://www.youtube.com/watch?v=o5QZztjmY9E,6e899a83,Joseíto Fernández - Guajira Guantanamera w/Lyrics,2012
77,Le temps,Tayc,https://www.youtube.com/watch?v=mUTsvbridvM,efd92ce1,Tayc - Le Temps (Clip Officiel),2021
78,La Bomba,King Africa,https://www.youtube.com/watch?v=kRslNQgxKR4,2897d4cb,King Africa │ Bomba (HD),2009
79,Talkin' Bout a Revolution,Tracy Chapman,https://www.youtube.com/watch?v=Xv8FBjo1Y8I,0b3d7d5e,Tracy Chapman - Talkin' Bout A Revolution (Official Music Video),1988
80,Another Day in Paradise - 2016 Remaster,Phil Collins,https://www.youtube.com/watch?v=sXAqwZt0aEI,69b54834,Phil Collins - Another Day In Paradise (2016 Remaster Turquoise Vinyl Edition),1989
81,Billie Jean,Michael Jackson,https://www.youtube.com/watch?v=Zi_XLOBDo_Y,42457820,Michael Jackson - Billie Jean (Official Video),2008
82,Sexy And I Know It,LMFAO,https://www.youtube.com/watch?v=wyx6JDQCslE,6d8c5e0e,LMFAO - Sexy and I Know It,2013
83,It's Now or Never,Elvis Presley,https://www.youtube.com/watch?v=Uwelrtb8Oho,8e77712b,Elvis Presley - It's Now or Never (Official Audio),2002
84,Basket Case,Green Day,https://www.youtube.com/watch?v=NUTGr5t3MoY,2755f0b8,Green Day - Basket Case [Official Music Video] (4K Upgrade),1994
85,Never Going Home,Kungs,https://www.youtube.com/watch?v=QH2a6V-W87U,b50a1639,Kungs - Never Going Home (clip officiel),2021
86,Starships,Nicki Minaj,https://www.youtube.com/watch?v=SeIJmciN8mo,b7b8af30,Nicki Minaj - Starships (Explicit) (Official Video),2012
87,Bring Me To Life,Evanescence,https://www.youtube.com/watch?v=3YxaaGgTQYM,357910e0,Evanescence - Bring Me To Life (Official HD Music Video),2003
88,Mood (feat. iann dior),24kGoldn iann dior,https://www.youtube.com/watch?v=GrAchTdepsU,a648aa9e,24kGoldn - Mood (Official Video) ft. iann dior,2020
89,Daddy DJ - Chico & Tonio Radio Edit / Remastered 2025,Daddy DJ Chico & Tonio,https://www.youtube.com/watch?v=EgjUTb5PK8Q,ae9c4db1,Daddy DJ - Daddy DJ (Chico \u0026 Tonio Radio Edit) [Official Video],2001
90,Summer Holiday,Cliff Richard & The Shadows,https://www.youtube.com/watch?v=JNFvApgNpO0,6220cd74,Summer Holiday (2003 Remaster),1977
91,Two Princes,Spin Doctors,https://www.youtube.com/watch?v=wsdy_rct6uo,161dbafe,Spin Doctors - Two Princes,1991
92,Who Let The Dogs Out,Baha Men,https://www.youtube.com/watch?v=ojULkWEUsPs,d7c089b6,Baha Men - Who Let The Dogs Out (Official Video),2000
93,Kiss from a Rose,Seal,https://www.youtube.com/watch?v=hDd2G_V1rzc,24aadfb6,Seal - Kiss From A Rose (Official Video) [HD],1994
94,Could You Be Loved,Bob Marley & The Wailers,https://www.youtube.com/watch?v=1ti2YCFgCoI,509e8925,Bob Marley \u0026 The Wailers - Could You Be Loved (Official Music Video),1980
95,Livin' la Vida Loca,Ricky Martin,https://www.youtube.com/watch?v=p47fEXGabaY,e32634fe,Ricky Martin - Livin' La Vida Loca (Official Video),1999
96,Glamorous,Fergie Ludacris,https://www.youtube.com/watch?v=q0SyUgw98tE,9ddfd5e1,Fergie - Glamorous ft. Ludacris,2006
97,Complicated,Avril Lavigne,https://www.youtube.com/watch?v=5NPBIwQyPWE,64dd44a3,Avril Lavigne - Complicated (Official Video),2002
98,Pookie,Aya Nakamura,https://www.youtube.com/watch?v=_bPa-VG0AWo,17329468,Aya Nakamura - Pookie (Clip officiel),2018
99,La positive attitude,Lorie,https://www.youtube.com/watch?v=gb4yPEMh24E,831d8525,Lorie - La positive attitude (Clip officiel),2004
100,Hot Stuff,Donna Summer,https://www.youtube.com/watch?v=KhcaPNuaJNU,9fd8cb7e,Donna Summer -- Hot Stuff Video HQ,1979
101,Budapest,George Ezra,https://www.youtube.com/watch?v=VHrLPs3_1Fs,4a27db3f,George Ezra - Budapest (Official Video),2014
102,Macarena,Los Del Rio,https://www.youtube.com/watch?v=zWaymcVmJ-A,fef661b9,Los Del Rio - Macarena (Bayside Boys Remix),2002
103,Barbra Streisand (Radio Edit),Duck Sauce,https://www.youtube.com/watch?v=9VQdVA2hjsA,a5c332d4,Duck Sauce - Barbra Streisand (Radio Edit),2010
104,Mambo No. 5 (a Little Bit of...),Lou Bega,https://www.youtube.com/watch?v=EK_LN3XEcnw,d3b4a796,Lou Bega - Mambo No. 5 (A Little Bit of...),1999
105,Downtown,Petula Clark,https://www.youtube.com/watch?v=Zx06XNfDvk0,91aa5c17,Petula Clark Downtown. original version,2003
106,Lambada - Original Version 1989,Kaoma,https://www.youtube.com/watch?v=iyLdoQGBchQ,ea904532,Kaoma - Lambada (Official Video) 1989 HD,1989
107,La Camisa Negra,Juanes,https://www.youtube.com/watch?v=kRt2sRyup6A,4364b7a5,Juanes - La Camisa Negra,2004
108,Dancing On The Ceiling,Lionel Richie,https://www.youtube.com/watch?v=ovo6zwv6DX4,4bfec043,Lionel Richie - Dancing On The Ceiling,1986
109,Killing Me Softly With His Song,Fugees Ms. Lauryn Hill,https://www.youtube.com/watch?v=oKOtzIo-uYw,c154ed13,Fugees - Killing Me Softly With His Song (Official Video),1996
110,Stop! In The Name Of Love,The Supremes,https://www.youtube.com/watch?v=une981B7Q4Y,fa503875,The Supremes - Stop! In The Name Of Love (Lyric Video),1965
111,I Love Rock N Roll,The Arrows,https://www.youtube.com/watch?v=8AT_Pbtyid0,3f47d609,Arrows I Love Rock N Roll Alan Merrill,2006
112,Le feu,Kendji Girac Vianney,https://www.youtube.com/watch?v=JwCz1TaRSpQ,b42eed16,Kendji Girac - Le Feu ft @vianneymusique (Clip Officiel),2022
113,Kings & Queens,Ava Max,https://www.youtube.com/watch?v=jH1RNk8954Q,bb4cec2d,Ava Max - Kings \u0026 Queens [Official Music Video],2020
114,California Dreamin',The Mamas & The Papas,https://www.youtube.com/watch?v=N-aK6JnyFmk,746b63dd,The Mamas \u0026 The Papas - California Dreamin',2001
115,Cover Me In Sunshine,P!nk Willow Sage Hart,https://www.youtube.com/watch?v=vGZhMIXH62M,c649e992,P!NK Willow Sage Hart - Cover Me In Sunshine (Official Video),2021
116,Darla dirladada,Dalida,https://www.youtube.com/watch?v=UERmKlVUVVg,dbae8220,Dalida - Darla dirladada (1970),1970
117,Hangover,Taio Cruz Flo Rida,https://www.youtube.com/watch?v=dLhFDYQHDQY,010ea4b9,Taio Cruz - Hangover (Official Video) ft. Flo Rida,2011
118,Shut Up and Dance,WALK THE MOON,https://www.youtube.com/watch?v=6JCLY0Rlx6Q,29b9c630,WALK THE MOON - Shut Up and Dance (Official Video),2014
119,Hooray! Hooray! It's a Holi-Holiday,Boney M.,https://www.youtube.com/watch?v=ModISbNyQ8I,ec4614ee,Boney M. - Hooray! Hooray! It's a Holi-Holiday (Sopot Festival 1979),1984
120,Daddy Cool,Boney M.,https://www.youtube.com/watch?v=FYGTT7YhywA,671b427d,Boney M. - Daddy Cool (Sopot Festival 1979),1976
121,Save Your Tears,The Weeknd,https://www.youtube.com/watch?v=XXYlFuWEuKI,e5332a33,The Weeknd - Save Your Tears (Official Music Video),2020
122,Chandelier,Sia,https://www.youtube.com/watch?v=2vjPBrBU-TM,0585e432,Sia - Chandelier (Official Video),2014
123,I'm Coming Out,Diana Ross,https://www.youtube.com/watch?v=F-mjl63e0ms,9bfbd339,Diana Ross - I'm Coming Out,1980
124,CAN'T STOP THE FEELING! (from DreamWorks Animation's TROLLS ),Justin Timberlake,https://www.youtube.com/watch?v=ru0K8uYEZWw,0848264a,Justin Timberlake - CAN'T STOP THE FEELING! (Lyrics),2016
125,Brown Sugar - Remastered 2009,The Rolling Stones,https://www.youtube.com/watch?v=Bar7SzNLnY0,7a123bcf,Brown Sugar (Remastered 2009),1971
126,Mysterious Girl - Radio Edit,Peter Andre,https://www.youtube.com/watch?v=iqIq4B1rgl4,54de4c67,Peter Andre - Mysterious Girl (Official Music Video),1997
127,Crank That (Soulja Boy),Soulja Boy,https://www.youtube.com/watch?v=8UFIYGkROII,85e35465,Soulja Boy Tell'em - Crank That (Soulja Boy) (Official Music Video),2007
128,Physical - Remastered 2021,Olivia Newton-John,https://www.youtube.com/watch?v=pxOksAKgXs8,4d624386,Physical (Remastered 2021),1981
129,Beautiful Girls,Sean Kingston,https://www.youtube.com/watch?v=MrTz5xjmso4,24f2023f,Sean Kingston - Beautiful Girls (Official HD Video),2007
130,Samba de Janeiro,Bellini,https://www.youtube.com/watch?v=HAiHEQblKeQ,de1352ab,Bellini - Samba De Janeiro,1997
131,Baby Got Back,Sir Mix-A-Lot,https://www.youtube.com/watch?v=X53ZSxkQ3Ho,58aa6a81,Sir Mix-A-Lot - Baby Got Back (Official Music Video),1992
132,Nossa Nossa (Ai Se Eu Te Pego) - Single Version,Ai Se Eu Te Pego Nossa Nossa,https://www.youtube.com/watch?v=hcm55lU9knw,e04c8417,Michel Teló - Ai Se Eu Te Pego - Video Oficial (Assim você me mata),2012
133,Celui - Radio edit,Colonel Reyel,https://www.youtube.com/watch?v=4MqfSEqAKYY,96a387b8,Celui (Radio Edit),2011
134,You Get What You Give,New Radicals,https://www.youtube.com/watch?v=DL7-CKirWZE,189c9011,New Radicals - You Get What You Give (Official Music Video),1998
135,U Remind Me,USHER,https://www.youtube.com/watch?v=Bxau9B3jOHM,e7763b53,Usher - U Remind Me (Official Music Video),2001
136,Gasolina,Daddy Yankee,https://www.youtube.com/watch?v=CCF1_jI8Prk,36cbc9a2,Daddy Yankee - Gasolina (Video Oficial),2004
137,Sweat (A La La La La Long),Inner Circle,https://www.youtube.com/watch?v=-SvridcLD-I,eeee88c9,Inner Circle - Sweat (A La La La La Long),2010
138,Gimme Love,Sia,https://www.youtube.com/watch?v=TYxhB-oLNU8,a9933e0f,Sia - Gimme Love (Official Music Video),2023
139,Let's Get Loud,Jennifer Lopez,https://www.youtube.com/watch?v=Q91hydQRGyM,5dfcc920,Jennifer Lopez - Let's Get Loud (Official Video),1999
140,What's Up?,4 Non Blondes,https://www.youtube.com/watch?v=6NXnxTNIWkc,dab3d5c6,4 Non Blondes - What's Up (Official Music Video),1992
141,Bleeding Love,Leona Lewis,https://www.youtube.com/watch?v=Vzo-EL_62fQ,7997f92f,Leona Lewis - Bleeding Love (US Version - Official Video),2007
142,I Kissed A Girl,Katy Perry,https://www.youtube.com/watch?v=tAp9BKosZXs,e07b4d84,Katy Perry - I Kissed A Girl (Official Music Video),2008
143,SexyBack (feat. Timbaland),Justin Timberlake Timbaland,https://www.youtube.com/watch?v=3gOHvDP_vCs,d295243f,Justin Timberlake - SexyBack (Official Video) ft. Timbaland,2006
144,Stand By Me,Ben E. King,https://www.youtube.com/watch?v=hwZNL7QVJjE,1081a7d2,Ben E. King - Stand By Me (Audio),1962
145,Girlfriend - Radio Edit,Avril Lavigne,https://www.youtube.com/watch?v=Bg59q4puhmg,755a913e,Avril Lavigne - Girlfriend (Official Video),2007
146,I Shot The Sheriff,Eric Clapton,https://www.youtube.com/watch?v=APWhx97QvxE,80b75da0,Eric Clapton - I Shot The Sheriff [Crossroads 2010] (Official Live Video),1974
147,Happy Together,The Turtles,https://www.youtube.com/watch?v=sq3awlDqAVo,171fbd3e,The Turtles - Happy Together [HD],1967
148,2 Be Loved (Am I Ready),Lizzo,https://www.youtube.com/watch?v=krdQLzzAeZU,f6fb6927,Lizzo - 2 Be Loved (Am I Ready) [Official Video],2022
149,Teka (with Peso Pluma),DJ Snake Peso Pluma,https://www.youtube.com/watch?v=-P4Vet_iAWQ,25fc80bd,DJ Snake Peso Pluma - Teka (Official Music Video),2024
150,Comportement,Aya Nakamura,https://www.youtube.com/watch?v=K0qTjzw_EcY,9fdd3c71,Aya Nakamura - Comportement (Clip officiel),2017
151,Some Say,Nea,https://www.youtube.com/watch?v=fAiSwh_wSuY,58e45d0d,Nea - Some Say (Official Music Video),2019
152,I'm Yours,Jason Mraz,https://www.youtube.com/watch?v=EkHTsc9PU2A,688d88b4,Jason Mraz - I'm Yours (Official Video) [4K Remaster],2008
153,Replay,Iyaz,https://www.youtube.com/watch?v=ZoG5jJ3E8rg,c28f332f,Replay [Official Music Video] - Iyaz,2009
154,Bamboléo,Gipsy Kings,https://www.youtube.com/watch?v=7qbEt_lSib4,9dd0f845,Gipsy Kings - Bamboléo (Official Video),1987
155,The Time (Dirty Bit),Black Eyed Peas,https://www.youtube.com/watch?v=JwQZQygg3Lk,a6e77423,The Black Eyed Peas - The Time (Dirty Bit),2010
156,Little Bit of Love,Tom Grennan,https://www.youtube.com/watch?v=SsdkvYdSzlg,4cb50424,Tom Grennan - Little Bit of Love (Official Video),2021
157,Pon de Replay,Rihanna,https://www.youtube.com/watch?v=oEauWw9ZGrA,ceef2e2f,Rihanna - Pon de Replay (Internet Version),2005
158,Il est vraiment phénoménal,Phenomenal Club,https://www.youtube.com/watch?v=tnkS1Ji4BgQ,f1861269,Phenomenal Club - Il est vraiment phénoménal,1997
159,All Night Long (All Night) - Single Version,Lionel Richie,https://www.youtube.com/watch?v=wL6YiMwSBQc,5f6b909d,Lionel Richie - All Night Long (All Night) [Single Version] [Audio HQ],1992
160,Centerfold,The J. Geils Band,https://www.youtube.com/watch?v=BqDjMZKf-wg,522dfc7c,The J. Geils Band - Centerfold (Official Music Video),1981
161,Forever Young,Alphaville,https://www.youtube.com/watch?v=YHRvDo8rUoQ,ef839df8,Alphaville - Forever Young (Official Video HD),1984
162,Perfect,Fairground Attraction,https://www.youtube.com/watch?v=txapREGWHp0,de1eabb3,Fairground Attraction - Perfect,1988
163,Lemon Tree,Fools Garden,https://www.youtube.com/watch?v=wCQfkEkePx8,320c1215,Fools Garden - Lemon Tree (Official HD Video),1995
164,The Rhythm of the Night,Corona,https://www.youtube.com/watch?v=OnT58cIJSpw,b5c0026a,Corona - The Rhythm of the Night (Official Music Video),1994
165,No Diggity,Blackstreet Dr. Dre Queen Pen,https://www.youtube.com/watch?v=3KL9mRus19o,a12b9313,Blackstreet - No Diggity (Official Music Video) ft. Dr. Dre Queen Pen,1996
166,Une Chanson D'eté,François Valéry,https://www.youtube.com/watch?v=iAG7qEO4OlQ,4e1172dd,FRANÇOIS VALÉRY....une chanson d été ( 1974 ),2008
167,Dis-moi oui (Marina),Keen' V,https://www.youtube.com/watch?v=2JYUfiqUk14,7b58ddcc,keen'v - DIS MOI OUI (MARINA) Clip Officiel,2023
168,La fiesta 2010,Patrick Sébastien,https://www.youtube.com/watch?v=rL9La7a2_nc,4578e973,La fiesta 2010,2022
169,Get Busy,Sean Paul,https://www.youtube.com/watch?v=oPQ3o14ksaM,e1eef080,Sean Paul - Get Busy/Like Glue (Official Video),2002
170,Shape of You,Ed Sheeran,https://www.youtube.com/watch?v=JGwWNGJdvx8,fec35f93,Ed Sheeran - Shape of You (Official Music Video),2017
171,Ain't Nobody (Loves Me Better) (feat. Jasmine Thompson),Felix Jaehn Jasmine Thompson,https://www.youtube.com/watch?v=5j1RCys4R0g,3a971b64,Felix Jaehn - Ain't Nobody (Loves Me Better) (Official Video) ft. Jasmine Thompson,2018
172,Vamos a la Playa - Radio Edit,Loona,https://www.youtube.com/watch?v=X-77txuiVXs,d1f92f8a,Loona - Vamos a la playa OFFICIAL VIDEO,2017
173,Walk Like an Egyptian,The Bangles,https://www.youtube.com/watch?v=Cv6tuzHUuuk,9cd7324f,The Bangles - Walk Like an Egyptian (Official Video),2004
174,Conmigo,Kendji Girac,https://www.youtube.com/watch?v=7uG6E6bVKU0,925eaf72,Kendji Girac - Conmigo (Clip Officiel),2015
175,Toute première fois,Jeanne Mas,https://www.youtube.com/watch?v=wMuOLH-oQKs,13b9cb68,Jeanne Mas - Toute Première Fois [1984],1985
176,Walking On Sunshine,Katrina & The Waves,https://www.youtube.com/watch?v=iPUmE-tne5U,712d2f50,Katrina \u0026 The Waves - Walking On Sunshine (Official Music Video),1985
177,SNAP,Rosa Linn,https://www.youtube.com/watch?v=Lo4_K4relMg,7914c713,Rosa Linn - Snap - (Official Eurovision Music Video),2022
178,Rock This Party - Everybody Dance Now,Bob Sinclar Cutee B. DollarMan Big Ali Makedah,https://www.youtube.com/watch?v=axlcCr5-pHY,70748469,Bob Sinclair Rock this party ft Cutee B Dollarman Big Ali \u0026 Makedah,2006
179,Hello,Martin Solveig Dragonette,https://www.youtube.com/watch?v=LnET4RKXx5k,b5d2cacd,Martin Solveig \u0026 Dragonette - Hello (Official Music Video) [HD],2011
180,High Hopes,Panic! At The Disco,https://www.youtube.com/watch?v=IPXIgEAGe4U,ca6d77d9,Panic! At The Disco - High Hopes (Official Video),2018
181,Perfect Strangers,Jonas Blue JP Cooper,https://www.youtube.com/watch?v=Ey_hgKCCYU4,9741a375,Jonas Blue - Perfect Strangers ft. JP Cooper,2018
182,Since U Been Gone,Kelly Clarkson,https://www.youtube.com/watch?v=R7UrFYvl5TE,feae3a80,Kelly Clarkson - Since U Been Gone (VIDEO),2004
183,Tombé sous le charme,Christophe Maé,https://www.youtube.com/watch?v=yRGiYUEFFww,81c840e9,Christophe Maé - Tombé Sous Le Charme (Clip Officiel),2013
184,Alright,Jain,https://www.youtube.com/watch?v=MARsW26KXQg,d0ce44ad,Jain - Alright (Official Video),2018
185,Maria Maria (feat. The Product G&B),Santana The Product G&B,https://www.youtube.com/watch?v=nPLV7lGbmT4,63db84c5,Santana - Maria Maria (Official Video) ft. The Product G\u0026B,1999
186,No Scrubs,TLC,https://www.youtube.com/watch?v=FrLequ6dUdM,df181181,TLC - No Scrubs (Official HD Video),1999
187,Welcome to St. Tropez - DJ Antoine & Mad Mark Remix,DJ Antoine Timati Kalenna Mad Mark,https://www.youtube.com/watch?v=tWVdgwb_gOg,02311387,DJ Antoine vs Timati feat. Kalenna - Welcome To St. Tropez (DJ Antoine vs Mad Mark Remix),2011
188,Les limites,Julien Doré,https://www.youtube.com/watch?v=AekYJ62Knno,5e914eb1,Julien Doré - Les limites (Julien danse / Patricia chante) (Clip officiel),2008
189,Call Me,Blondie,https://www.youtube.com/watch?v=StKVS0eI85I,0d1d7308,Blondie - Call me,1999
190,All By Myself,Eric Carmen,https://www.youtube.com/watch?v=iN9CjAfo5n0,7828e0e4,Eric Carmen - All by Myself (Audio),1975
191,Papi Chulo... Te Traigo El Mmmm - Radio Version,Lorna,https://www.youtube.com/watch?v=k0N2NH77_f0,1cf704f5,Papi Chulo... Te Traigo El Mmmm (Radio Version),2003
192,Rock DJ,Robbie Williams,https://www.youtube.com/watch?v=BnO3nijfYmU,7298c1fc,Robbie Williams - Rock DJ,2000
193,Despacito,Luis Fonsi Daddy Yankee,https://www.youtube.com/watch?v=kJQP7kiw5Fk,c0a67a0e,Luis Fonsi - Despacito ft. Daddy Yankee,2019
194,Say So,Doja Cat,https://www.youtube.com/watch?v=pok8H_KF1FA,cf979589,Doja Cat - Say So (Official Video),2019
195,Baby,Justin Bieber Ludacris,https://www.youtube.com/watch?v=kffacxfA7G4,b9aa84fd,Justin Bieber - Baby ft. Ludacris,2010
196,This Girl (Kungs Vs. Cookin' On 3 Burners),Kungs Cookin' On 3 Burners,https://www.youtube.com/watch?v=2Y6Nne8RvaA,f742c154,Kungs vs Cookin’ on 3 Burners - This Girl,2016
197,Right Round,Flo Rida Kesha,https://www.youtube.com/watch?v=CcCw1ggftuQ,3f22f13a,Flo Rida - Right Round (feat. Ke$ha) (Official Video),2009
198,Jerusalema (feat. Nomcebo Zikode),Master KG Nomcebo Zikode,https://www.youtube.com/watch?v=fCZVL_8D048,4ee7c100,Master KG - Jerusalema [Feat. Nomcebo] (Official Music Video),2020
199,The World Is Stone,Cyndi Lauper,https://www.youtube.com/watch?v=qwc85qWFoqU,8910c442,Cyndi Lauper - The World Is Stone,2000
200,ABC,The Jackson 5,https://www.youtube.com/watch?v=ho7796-au8U,fdc2bd17,The Jackson 5 - ABC,2022
201,Never Leave You (Uh Oooh Uh Oooh),Lumidee,https://www.youtube.com/watch?v=QhKj93rPIDo,424790c1,Never Leave You (Uh Oooh Uh Oooh) [Official Music Video],2003
202,Mets de l'huile !,Regg'Lyss,https://www.youtube.com/watch?v=GMkjsP7PmPE,23b7fdee,Regg'lyss - Mets de l'huile (Clip officiel),1992
203,STAY (with Justin Bieber),The Kid LAROI Justin Bieber,https://www.youtube.com/watch?v=kTJczUoc26U,8caba1b3,The Kid LAROI Justin Bieber - STAY (Official Video),2021
204,Angels,Robbie Williams,https://www.youtube.com/watch?v=luwAMFcc2f8,bf8b4e8d,Robbie Williams - Angels,1997
205,Scatman (ski-ba-bop-ba-dop-bop),Scatman John,https://www.youtube.com/watch?v=Hy8kmNEo1i8,02baaf2e,Scatman (ski-ba-bop-ba-dop-bop) Official Video HD - Scatman John,1995
206,Levitating,Dua Lipa,https://www.youtube.com/watch?v=TUVcZfQe-Kw,69e953a2,Dua Lipa - Levitating Featuring DaBaby (Official Music Video),2020
207,Live And Let Die - Main Title,Paul McCartney Wings,https://www.youtube.com/watch?v=iv_UStbLzpI,072b6a3b,Live And Let Die (Main Title),1987
208,What You Waiting For?,Gwen Stefani,https://www.youtube.com/watch?v=f5qICl3Fr3w,271223cc,Gwen Stefani - What You Waiting For? (Clean Version) (Official Music Video),2004
209,Love Generation,Bob Sinclar Gary Pine,https://www.youtube.com/watch?v=v0NSeysrDYw,84845ffd,Bob Sinclar - Love Generation (Official Video),2011
210,I Can't Help Myself (Sugar Pie Honey Bunch),Four Tops,https://www.youtube.com/watch?v=s3bksUSPB4c,fb69ddea,The Four Tops-I Can't Help Myself (Sugar Pie Honey Bunch),1965
211,Hot In Herre,Nelly,https://www.youtube.com/watch?v=GeZZr_p6vB8,bda67407,Nelly - Hot In Herre (Official Music Video),2002
212,Can't Get You out of My Head,Kylie Minogue,https://www.youtube.com/watch?v=c18441Eh_WE,f55f8c10,Kylie Minogue - Can't Get You Out Of My Head (Official Video),2001
213,C chô ça brûle,Magic System,https://www.youtube.com/watch?v=C_dfLy58mrE,e53ddb40,C chô ça brûle !!!,2006
214,La La La,Naughty Boy Sam Smith,https://www.youtube.com/watch?v=3O1_3zBUKM8,4d4a763c,Naughty Boy - La la la ft. Sam Smith (Official Video),2013
215,Ayo Technology,Milow,https://www.youtube.com/watch?v=DE9IchvpOPk,4771aad4,Milow - Ayo Technology (Official Music Video),2012
216,Ironic,Alanis Morissette,https://www.youtube.com/watch?v=Jne9t8sHpUc,541e0ced,Alanis Morissette - Ironic (Official 4K Music Video),2005
217,Woman,Neneh Cherry,https://www.youtube.com/watch?v=pAYSAYg9kPI,e8442219,Neneh Cherry - Woman,1996
218,1 2 Step (feat. Missy Elliott),Ciara Missy Elliott,https://www.youtube.com/watch?v=iBHNgV6_znU,56e87c66,Ciara - 1 2 Step (Official Video) ft. Missy Elliott,2004
219,Accidentally In Love - From Shrek 2 Soundtrack,Counting Crows,https://www.youtube.com/watch?v=GEo7W-uJNkc,01b694a8,Shrek 2 (VF),2004
220,Burning Heart - From Rocky IV Soundtrack,Survivor,https://www.youtube.com/watch?v=Kc71KZG87X4,53298cc9,Survivor - Burning Heart (Video),1993
221,Can You Feel the Love Tonight - End Title,Elton John,https://www.youtube.com/watch?v=KjgWWjkNbhU,2840277e,Elton John - Can You Feel The Love Tonight (End Title),2003
222,Bang Bang,Jessie J Ariana Grande Nicki Minaj,https://www.youtube.com/watch?v=0HDdjwpPM3Y,8c6382e8,Jessie J - Bang Bang ft. Ariana Grande Nicki Minaj,2014
223,Mamma Mia,ABBA,https://www.youtube.com/watch?v=unfzfe8f9NI,3dd1b053,ABBA - Mamma Mia (Official Music Video),1975
224,Whenever Wherever,Shakira,https://www.youtube.com/watch?v=weRHyjj34ZE,8fc0f385,Shakira - Whenever Wherever (Official HD Video),2001
225,Sweet About Me,Gabriella Cilmi,https://www.youtube.com/watch?v=qvuyYj5ROmk,4e027e50,Gabriella Cilmi - Sweet About Me (Official Video),2008
226,Freed From Desire - prod. Molella Phil Jay,Gala Molella Phil Jay,https://www.youtube.com/watch?v=ToMPRbl7Hgo,caaa5804,Freed from Desire (Edit Mix) (prod. Molella Phil Jay),1997
227,That's the Way (I Like It) - 2004 Remaster,KC & The Sunshine Band,https://www.youtube.com/watch?v=IdfZUZ_rWCI,d93fa262,That's the Way (I Like It) (2004 Remaster),1975
228,I Will Survive - Single Version,Gloria Gaynor,https://www.youtube.com/watch?v=6dYWe1c3OyU,e41054bf,Gloria Gaynor - I Will Survive,2000
229,HUMBLE.,Kendrick Lamar,https://www.youtube.com/watch?v=tvTRZJ-4EyI,da867163,Kendrick Lamar - HUMBLE.,2017
230,Stuck In The Middle With You,Stealers Wheel,https://www.youtube.com/watch?v=OMAIsqvTh7g,9b88e880,Stuck in the Middle with you - Stealers Wheel,1972
231,Baila (Sexy Thing),Zucchero,https://www.youtube.com/watch?v=QRDZjj7-tOk,fd7bf362,Zucchero - Baila (Sexy Thing),2001
232,Sing,Ed Sheeran,https://www.youtube.com/watch?v=tlYcUqEPN58,3d553cc4,Ed Sheeran - Sing [Official Music Video],2014
233,Eteins la lumière,Axel Bauer,https://www.youtube.com/watch?v=7mpZh5JKVDM,afc03e4c,Axel Bauer - Eteins La Lumière,1990
234,No Stress,Laurent Wolf Eric Carter,https://www.youtube.com/watch?v=9EPMckXmU7A,db8a785c,No Stress (feat. Eric Carter),2008
235,Gonna Make You Sweat (Everybody Dance Now) (feat. Freedom Williams),C & C Music Factory Freedom Williams,https://www.youtube.com/watch?v=LaTGrV58wec,41a3e915,Gonna Make You Sweat (Everybody Dance Now) (Official HD Video),1990
236,One Dance,Drake Wizkid Kyla,https://www.youtube.com/watch?v=ki0Ocze98U8,e2b41877,Drake - One Dance (Lyrics) ft. Wizkid \u0026 Kyla,2016
237,Enjoy the Silence,Depeche Mode,https://www.youtube.com/watch?v=aGSKrC7dGcY,75266a98,Depeche Mode - Enjoy the Silence (Remastered),1998
238,Moonlight Shadow,Mike Oldfield,https://www.youtube.com/watch?v=e80qhyovOnA,516c4a1b,Mike Oldfield - Moonlight Shadow ft. Maggie Reilly,2009
239,Don't Cha,The Pussycat Dolls Busta Rhymes,https://www.youtube.com/watch?v=YNSxNsr4wmA,3ea067c5,The Pussycat Dolls - Don't Cha (Official Music Video) ft. Busta Rhymes,2005
240,Rock Your Baby,George McCrae,https://www.youtube.com/watch?v=gutE8I0Tk3E,46f03811,George McCrae - Rock Your Baby • TopPop,2010
241,Les lionnes,Yannick Noah,https://www.youtube.com/watch?v=q5nAqql59Hc,0e2ed414,Yannick Noah - Les lionnes (Clip officiel),2000
242,Wake Me Up,Avicii,https://www.youtube.com/watch?v=IcrbM1l_BoI,d8729bb9,Avicii - Wake Me Up (Official Video),2013
243,Jump,Kris Kross,https://www.youtube.com/watch?v=010KyIQjkTk,e5c301e2,Kris Kross - Jump (Official Video),2013
244,Break Your Heart,Taio Cruz Ludacris,https://www.youtube.com/watch?v=y_SI2EDM6Lo,fe6edddf,Taio Cruz - Break Your Heart (Official Video) ft. Ludacris,2010
245,The Girl From Ipanema - Single Version,Stan Getz João Gilberto Astrud Gilberto Antônio Carlos Jobim,https://www.youtube.com/watch?v=c5QfXjsoNe4,0854b832,Astrud Gilberto and Stan Getz - The Girl From Ipanema (1964) LIVE,1964
246,We Are Young (feat. Janelle Monáe),fun. Janelle Monáe,https://www.youtube.com/watch?v=Sv6dMFF_yts,c3414314,Fun.: We Are Young ft. Janelle Monáe [OFFICIAL VIDEO],2012
247,Kiss Me,Dermot Kennedy,https://www.youtube.com/watch?v=XhL1KC7l7Xw,924c8919,Dermot Kennedy - Kiss Me (Official Music Video),2022
248,Bélinda,Claude François,https://www.youtube.com/watch?v=RvnWxnnauHc,03bfdc96,Claude François - Bélinda (Audio),2004
249,Big Girl (You Are Beautiful),MIKA,https://www.youtube.com/watch?v=yDSK91mUNLU,d83350e6,MIKA - Big Girl (You Are Beautiful) (Official Music Video),2007
250,Lovefool,The Cardigans,https://www.youtube.com/watch?v=NI6aOFI7hms,3d94092f,The Cardigans - Lovefool (Official Music Video),1996
251,Stereo Love,Edward Maya Vika Jigulina,https://www.youtube.com/watch?v=p-Z3YrHJ1sU,6a680089,Edward Maya \u0026 Vika Jigulina - Stereo Love (Official Music Video),2009
252,This Is How We Do It,Montell Jordan,https://www.youtube.com/watch?v=0hiUuL5uTKc,b12ba2ef,Montell Jordan - This Is How We Do It (Official Music Video),2015
253,Ceux qu'on était,Pierre Garnier,https://www.youtube.com/watch?v=xhG45EjK14I,a098b4db,Pierre Garnier - Ceux qu'on était (Clip officiel),2024
254,BABY SAID,Måneskin,https://www.youtube.com/watch?v=Z8NiouNEivo,ee4233af,Måneskin - BABY SAID (Lyric Video),2023
255,Summer Nights - From “Grease”,John Travolta Olivia Newton-John,https://www.youtube.com/watch?v=drdM5dOkOtM,c10f1c04,Summer Nights | Grease | CLIP,1978
256,A Thousand Miles,Vanessa Carlton,https://www.youtube.com/watch?v=Cwkej79U3ek,7a10d284,Vanessa Carlton - A Thousand Miles,2002
257,Pepas,Farruko,https://www.youtube.com/watch?v=y8trd3gjJt0,46846da8,Farruko - Pepas (Official Video),2021
258,Baila Me,Gipsy Kings,https://www.youtube.com/watch?v=lgeUItUZjj4,6e4e7cd9,Gipsy Kings - Baila Me (Official Video),1991
259,Don't You Worry Child - Radio Edit,Swedish House Mafia John Martin,https://www.youtube.com/watch?v=1y6smkh6c-0,1129e009,Swedish House Mafia ft. John Martin - Don't You Worry Child (Official Video),2012
260,You And Me,Spargo,https://www.youtube.com/watch?v=g4zQ-OAJwno,2125bcc6,Spargo - You and Me (2018 audio) • TopPop,2019
261,I Get Around (Mono),The Beach Boys,https://www.youtube.com/watch?v=HqEfyoygez4,7d704bfb,I Get Around (Mono),1964
262,This Love,Maroon 5,https://www.youtube.com/watch?v=XPpTgCho5ZA,bd50b5b6,Maroon 5 - This Love,2002
263,Just Dance,Lady Gaga Colby O'Donis,https://www.youtube.com/watch?v=2Abk1jAONjw,3a38821c,Lady Gaga - Just Dance (Official Music Video) ft. Colby O'Donis,2008
264,Ça m'énerve - Radio Edit,Helmut Fritz,https://www.youtube.com/watch?v=4mNDYWhRSaw,770e3b66,Helmut Fritz - Ca m'énerve (Clip officiel),2009
265,Mr. Jones,Counting Crows,https://www.youtube.com/watch?v=-oqAU5VxFWs,f17ad467,Counting Crows - Mr. Jones (Official Music Video),1993
266,Summertime Sadness,Lana Del Rey,https://www.youtube.com/watch?v=TdrL3QxjyVw,00165874,Lana Del Rey - Summertime Sadness (Official Music Video),2012
267,Just the Way You Are,Bruno Mars,https://www.youtube.com/watch?v=LjhCEhWiKXk,a0caec9e,Bruno Mars - Just The Way You Are (Official Music Video),2010
268,Atterrissage,Ronisia,https://www.youtube.com/watch?v=lLkmhA_rSC0,60910081,Ronisia - Atterrissage (Clip Officiel),2022
269,You Should Be Dancing,Bee Gees,https://www.youtube.com/watch?v=1sqE6P3XyiQ,21b982e6,You Should Be Dancing,2009
270,La chenille,La Bande à Basile,https://www.youtube.com/watch?v=DvDmSLXJvNQ,48277d21,La bande à Basile - La chenille - Live dans Les Années Bonheur,2012
271,Watch out for This (Bumaye) [feat. Busy Signal the Flexican & Fs Green],Major Lazer Busy Signal The Flexican FS Green,https://www.youtube.com/watch?v=6hGza1pWZ_E,53aa597c,Major Lazer The Flexican FS Green \u0026 Busy Signal - Watch Out for This (Bumaye) [Official Video],2013
272,Wind of Change,Scorpions,https://www.youtube.com/watch?v=n4RjJKxsamQ,6b42fd62,Scorpions - Wind Of Change (Official Music Video),2011
273,Il tape sur des bambous,Philippe Lavil,https://www.youtube.com/watch?v=ydBmk3jUkhY,a773dbf9,Philippe Lavil - Il tape sur des bambous (Audio),1986
274,My Sharona,The Knack,https://www.youtube.com/watch?v=bbr60I0u2Ng,406fbd67,The Knack - My Sharona,1979
275,She Drives Me Crazy,Fine Young Cannibals,https://www.youtube.com/watch?v=UtvmTu4zAMg,c85c8bae,Fine Young Cannibals - She Drives Me Crazy (Official Video),1988
276,Like a Virgin,Madonna,https://www.youtube.com/watch?v=s__rX_WL100,11bd39e0,Madonna - Like A Virgin (Official Video),1984
277,What Makes You Beautiful,One Direction,https://www.youtube.com/watch?v=QJO3ROT-A4E,3a1b9448,One Direction - What Makes You Beautiful (Official Video),2012
278,Hello Mary Lou (Goodbye Heart),Ricky Nelson,https://www.youtube.com/watch?v=AMVQCHgpYmI,64803bfd,Ricky Nelson - Hello Mary Lou ( 1961 ),2008
279,When the Rain Begins to Fall,Jermaine Jackson Pia Zadora,https://www.youtube.com/watch?v=aahViYznVTQ,e7803158,Jermaine Jackson Pia Zadora - When the Rain Begins to Fall,1984
280,Ghostbusters,Ray Parker Jr.,https://www.youtube.com/watch?v=Fe93CLbHjxQ,c74bb2c6,Ray Parker Jr. - Ghostbusters (Official Video),1984
281,It's Raining Men,The Weather Girls,https://www.youtube.com/watch?v=l5aZJBLAu1E,6215e3d1,The Weather Girls - It's Raining Men (Video),1996
282,The Sound of Silence - CYRIL Remix,Disturbed CYRIL,https://www.youtube.com/watch?v=uIBJJ3M76Mg,aa697d3d,Disturbed - The Sound Of Silence (CYRIL Remix) [Official Audio],2024
283,We Are The People (feat. Bono & The Edge) - Official UEFA EURO 2020 Song,Martin Garrix Bono The Edge,https://www.youtube.com/watch?v=kGT73GcwhCU,b98237e8,Martin Garrix feat. Bono \u0026 The Edge - We Are The People [UEFA EURO 2020 Song] (Official Video),2021
284,Last Night a D.J. Saved My Life,Indeep,https://www.youtube.com/watch?v=GtfZbj4J71A,14e22f5c,Indeep - Last Night A DJ Saved My Life (Official Music Video),2012
285,Believer,Imagine Dragons,https://www.youtube.com/watch?v=7wtfhZwyrcc,40960c42,Imagine Dragons - Believer (Official Music Video),2017
286,Red Red Wine,UB40,https://www.youtube.com/watch?v=zXt56MB-3vc,b94f5590,UB40 - Red Red Wine (Official Video HD Remastered),1987
287,Fancy,Iggy Azalea Charli xcx,https://www.youtube.com/watch?v=O-zpOMYRi0w,b437eff8,Iggy Azalea - Fancy ft. Charli XCX,2014
288,I'm a Slave 4 U,Britney Spears,https://www.youtube.com/watch?v=Mzybwwf2HoQ,d3528a07,Britney Spears - I'm A Slave 4 U (Official HD Video),2001
289,Syé bwa,Kassav',https://www.youtube.com/watch?v=UFz7kFEp9vQ,0ba71a79,Kassav Sye Bwa,1987
290,Rock My Body,R3HAB INNA Sash!,https://www.youtube.com/watch?v=aYCuEONIIDM,0b3bfee2,R3HAB INNA Sash! – Rock My Body (Official Music Video),2023
291,Infinity,Jaymes Young,https://www.youtube.com/watch?v=PWqEPKduGm8,be704bc8,Jaymes Young - Infinity [Official Audio],2017
292,My Universe,Coldplay BTS,https://www.youtube.com/watch?v=3YqPKLZF_WU,3e49d3f2,Coldplay X BTS - My Universe (Official Video),2021
293,Sorry,Justin Bieber,https://www.youtube.com/watch?v=fRh_vgS2dFE,95d6ee02,Justin Bieber - Sorry (PURPOSE : The Movement),2015
294,J'ai cherché,Amir,https://www.youtube.com/watch?v=kQysGibXphE,664086c6,Amir - J'ai cherché (Clip officiel),2016
295,Kung Fu Fighting,Carl Douglas,https://www.youtube.com/watch?v=bmfudW7rbG0,b51fd792,Carl Douglas Kung Fu Fighting (Original Music Video),2001
296,Destination Rio - Original Radio Edit,Collectif Métissé,https://www.youtube.com/watch?v=oWsNdWrZnoI,24d415df,Collectif Métissé - Destination Rio,2012
297,Just Can't Get Enough,Depeche Mode,https://www.youtube.com/watch?v=_6FBfAQ-NDE,ee591410,Depeche Mode - Just Can't Get Enough (Remastered),1981
298,Livin' On A Prayer,Bon Jovi,https://www.youtube.com/watch?v=lDK9QqIzhwk,0d07b930,Bon Jovi - Livin' On A Prayer,1986
299,Party In The U.S.A.,Miley Cyrus,https://www.youtube.com/watch?v=M11SvDtPBhA,df473270,Miley Cyrus - Party In The U.S.A. (Official Video),2009
300,Nah Neh Nah,Vaya Con Dios,https://www.youtube.com/watch?v=7LUm-E4GPU8,4f9373c2,Vaya con dios - Nah neh nah,1990
301,About Damn Time,Lizzo,https://www.youtube.com/watch?v=IXXxciRUMzE,c62a41bb,Lizzo - About Damn Time [Official Video],2022
302,Don't Go Breaking My Heart,Elton John Kiki Dee,https://www.youtube.com/watch?v=z0qW9P-uYfM,963b1a21,Elton John Kiki Dee - Don't Go Breaking My Heart (with Kiki Dee),1975
303,Whole Lotta Love - 1990 Remaster,Led Zeppelin,https://www.youtube.com/watch?v=oaSk5vnAVJ8,13f2c2eb,Whole Lotta Love (Remaster),1969
304,The Power Of Love,Huey Lewis & The News,https://www.youtube.com/watch?v=wBl2QGAIx1s,5d9e4f2f,Huey Lewis \u0026 The News - The Power Of Love (Official Music Video),2006
305,Another One Bites The Dust - Remastered 2011,Queen,https://www.youtube.com/watch?v=1tLYYSofs3U,183687f8,Another One Bites The Dust (Remastered 2011),1980
306,Mise au point,Jakie Quartz,https://www.youtube.com/watch?v=Ro0pAP5LQoI,f3780e0c,Jakie Quartz - Mise au point,1983
307,September,Earth Wind & Fire,https://www.youtube.com/watch?v=Gs069dndIYk,350610d8,Earth Wind \u0026 Fire - September (Official HD Video),1978
308,HandClap,Fitz and The Tantrums,https://www.youtube.com/watch?v=Y2V6yjjPbX0,c706c7a5,Fitz and the Tantrums - HandClap [Official Video],2016
