Title,Artist,Album,URL,Card#,Year,Youtube-Title,Hashed Info
Poison,Alice Cooper,Trash,https://www.youtube.com/watch?v=Qq4j1LtCdww,854,1989,Alice Cooper - Poison,1dec2b4bb0f6f08ccd07aaf52582988f01400a58da4a3fd0b9a272bafa064a97
Best Day Of My Life,American Authors,"Oh, What A Life",https://www.youtube.com/watch?v=Y66j_BUCBMY,703,2013,American Authors - Best Day Of My Life,6ee33ee58e1f9ea97ef52cac3f92415de54d3152ba9a55104049c2e7b1c067ce
Puhelinlangat laulaa,Katri Helena,Vaalea valloittaja,https://www.youtube.com/watch?v=dt16foNcXao,1073,1964,Puhelinlangat laulaa,4ca7e27e26ef414e36089c32a6d7d7f70998f0c6f8bbf42261102f89614ff579
Pump Up The Jam,Technotronic,Pump Up The Jam,https://www.youtube.com/watch?v=9EcjWd-O4jI,229,1989,Technotronic - Pump Up The Jam (Official Music Video),e29aa4bfd6dbcdc4a2466fe33fd86372c55db4dcca4e5384b92bec8258e641d1
Creep,Radiohead,Pablo Honey,https://www.youtube.com/watch?v=XFkzRNyygfk,593,1992,Radiohead - Creep,29293c2d2ace7c588cd306a12ecc97401a6613da63a2c111f82cc389971c65b4
Kesäkatu,Danny,Dannyn parhaita,https://www.youtube.com/watch?v=Jn_JKefqh84,1074,1966,Kesäkatu,b2088336ccf36b5d4079d91c0b789640a99500832819963a2d5d4fdaefba2f9a
Something Just Like This,The Chainsmokers,Something Just Like This,https://www.youtube.com/watch?v=FM7MFYoylVs,872,2017,The Chainsmokers & Coldplay - Something Just Like This (Lyric),15313f3f09ccf9f00c79c25cb1e6b6fe8fe12af0388879eb69c07634324c2bbe
Krokotiili rock,Muska,Muska,https://www.youtube.com/watch?v=v_-VKCsD3nk,1078,1973,Krokotiili rock,ada747e6e27164e18f516d6bf49d7c5b326524d50f55825698bdf4ae7d2994c2
Marilyn,Juice Leskinen,Juice Leskinen & Coitus Int,https://www.youtube.com/watch?v=qv6ghe74qCs,1079,1974,Marilyn,b9b51fd99009187c9b15e6662ba4ea23a70b1d93e9d3ba01dd5e98519817d37f
Get On,Hurriganes,Live at Metropol,https://www.youtube.com/watch?v=fhs0OXEQmgM,1080,1974,Get On,2a722db069c42f364a2b20b3c1bc2af4150ccebe37e97ea3ba4e1da0f52aa1f7
Jäätelökesä,Maarit,Siivet saan,https://www.youtube.com/watch?v=rKHVqAxJuEM,1081,1978,Jäätelökesä,a704ae68737de599e5e8c8fb354c2dcb69090923ded53338a9c9ec62dca0b57c
"Yes sir, alkaa polttaa - Yes Sir, I Can Boogie",Eini,Eini,https://www.youtube.com/watch?v=W9aFisKYYEA,1082,1977,"Yes sir, alkaa polttaa - Yes Sir, I Can Boogie",b59caa07fdf8951021307791511c76b4c6768be9f6f80d03904e6952a8e68f03
Moottoripyörä on moottoripyörä,Mika Sundqvist,Moottoripyörä on moottoripyörä,https://www.youtube.com/watch?v=vbqqC_vPmGk,1084,1979,Moottoripyörä on moottoripyörä,4aff11c775fdfdd9e121db99a4c793e96920dae07ba6448153f0529bba315468
Titanic,Frederik,Tähtisarja - 30 Suosikkia,https://www.youtube.com/watch?v=M1U-IyXiXGc,1085,1981,Titanic,b15592c991f54cb22737337a5cb9de5390f00f4264b4104b3ce243cc246722af
Aikuinen nainen - Maledetta Primavera,Paula Koivuniemi,20 Suosikkia / Aikuinen nainen,https://www.youtube.com/watch?v=a0_tUUVeF0k,1086,1982,Aikuinen nainen - Maledetta Primavera,041850c22d5f7f8c50cf74bfefe4fd04b44505b5aa0610e08e89d603960597f2
Olen suomalainen,Kari Tapio,Kaikkien aikojen parhaat - 40 klassikkoa,https://www.youtube.com/watch?v=7RJP_z--08Q,1087,1983,Kari Tapio - Olen Suomalainen,23c50edbe7454e738962088c54cf14f881dd9b89dbbe6f7868a8ae06925db721
Up Around The Bend,Hanoi Rocks,Two Steps From The Move,https://www.youtube.com/watch?v=cE5kAaZRiYw,1088,1984,Up Around The Bend,cfd4281bad2ae267f35ed25b58cc1c228d205ee9634ac44667da2a330b4d0703
Lulu,Tuula Amberla,Lulu,https://www.youtube.com/watch?v=8F7vwb24LDo,1089,1984,Lulu,ce03829f36fa3c4a05ac2119ffb50e84d6abab3d2f23e94e997681114085469d
Autiotalo,Dingo,Kerjäläisten valtakunta,https://www.youtube.com/watch?v=MgVkL0igUY8,1090,1984,Autiotalo,c5eb5a572ef0b0133d36bc01216df0e6bfee00e767e43813f037abf8c784b0ad
Lähtisitkö,Pave Maijanen,Maijanen,https://www.youtube.com/watch?v=LLlNe6vyokI,1091,1984,Pave Maijanen - Lähtisitkö,de8d5d57c9610cbfa18410d78a35d82ff50609bcdf4f3a4eb7d9b78f5d4ce167
Striptease tanssija,Kaseva,Silloin kun,https://www.youtube.com/watch?v=gOJYUyHa2Q0,1076,1974,Kaseva - Striptease tanssija,abf829742d1fd492087b6cc03577b85c71114b41f84b3088e1426ff1fa9231b3
Hengaillaan,Kirka,Hengaillaan,https://www.youtube.com/watch?v=krEgwiA2ww8,1092,1984,Hengaillaan,c462fdd837b2f3d7c6f5d5fde866021cae071443ee3a0493bf0f7f1611a0b923
Kuuma kesä,Popeda,Pohjantähden alla,https://www.youtube.com/watch?v=YnD19AcVHEc,1093,1985,Kuuma kesä,7b0b6d3b429f637972e036e279ba5386dd44484f41d6930ed873038bae1f5990
Vuonna '85,Eppu Normaali,Kahdeksas Ihme,https://www.youtube.com/watch?v=l_vusHu1rk4,1094,1985,Vuonna 85 (Remastered),1cf15a2147dd9773efea35258f08fbdd5c2bc09465f5f07eed65dc48a1e39c2a
All the Best Girls,Bogart Co.,All The Best Girls,https://www.youtube.com/watch?v=0usap-wf3-4,1095,1985,All the Best Girls,8fb7570df1094203981de44d3fb64a9a13b251333dc5eab32fa27c3f33a566d2
Pohjois-Karjala,Leevi and the leavings,Menestyksen salaisuus,https://www.youtube.com/watch?v=e-2fUGkY_jw,1096,1986,Leevi And The Leavings - Pohjois-Karjala lyrics,e53134d9186fc519574e4c9eab650c8c17a5535cf3243f0968dbbbfe9d33fb87
Rentun ruusu,Irwin Goodman,Rentun ruusu,https://www.youtube.com/watch?v=Lr8I7PkyFQw,1098,1988,Rentun ruusu,9fb8d93abcd6e6ebd92b828e70dc268a487eea4bfc83bbd600a1cdce35444218
Mä haluun viihdyttää,Kikka,Mä haluun viihdyttää,https://www.youtube.com/watch?v=XwduZBLFzx4,1099,1989,Mä haluun viihdyttää,e4b3e7997eee71fad34fc1bdcdb114518fbec5218f3dcc57123fdd4562acb0ea
Thunderstruck,AC/DC,The Razors Edge,https://www.youtube.com/watch?v=v2AC41dglnM,819,1990,AC/DC - Thunderstruck (Official Video),eeed47e4f39b24bf0a5f56234a09e91f1ed971cae9bf8bf9e7d649092a1a554e
Oi Beibi,Raptori,Oi Beibi,https://www.youtube.com/watch?v=XFd4zTnJ8jg,1100,1990,Oi Beibi,e28d69520f7250adf7d9530025a67ed6578d87a620489c6481c9ca7f3e55d890
Tästä Asti Aikaa,Kolmas Nainen,Hyvää ja kaunista,https://www.youtube.com/watch?v=2rduNgC9ScA,1101,1990,Tästä Asti Aikaa,0f6d46740dc93080442f8c45cea39f165abd8a8b0df9b74648c400a27bbc1069
Peggy,Samuli Edelmann,Pienestä Kii,https://www.youtube.com/watch?v=Fc4WcdHPhKw,1102,1991,Peggy,591ed850148231cce729dcd8adfc02472e1f2e037fb330e3dc41fafe409e48df
Juppihippipunkkari,Neljä Ruusua,Haloo,https://www.youtube.com/watch?v=AE0ERC9tOJI,1103,1992,Juppihippipunkkari,217c66bfa2f7fa7dec37428b6e5888725e60596b89fbd65eb96383ced33735eb
Walk This Way (feat. Aerosmith),Run–D.M.C.,Raising Hell,https://www.youtube.com/watch?v=4B_UYYPb-Gk,684,1986,RUN DMC - Walk This Way (Official HD Video) ft. Aerosmith,07f524d788230b68b8b439de958e25456ed60376a360eb8c66ca8a9a362a07db
Birdy,22-Pistepirkko,Big Lupu,https://www.youtube.com/watch?v=MTSQakv6fuU,1104,1992,Birdy,3b2a6f6851ab4580bb75c759bd0debd16f3d9826d4a46c5e8c0d8bbeac10cd14
Kemiaa,Neon 2,Polku,https://www.youtube.com/watch?v=uPHczPburbI,1105,1992,Neon 2 - Kemiaa,beccfcb0c7744f0a6ea30bc3a0eff78d0a48639153e8889b9d7be2796ebaa974
Kun Tänään Lähden,Suurlähettiläät,Parhaat Palat Vuosilta 1991-2004,https://www.youtube.com/watch?v=uWF4DXP8ZFc,1106,1993,Suurlähettiläät - Kun tänään lähden,6bdce753a596deaa480ff7ca25a69ec3a9ab1dbde977d5434327d37c5f7ab15b
Raising My Family - Single Mix,Sound of R.E.L.S.,Sound Of R.E.L.S.,https://www.youtube.com/watch?v=gjDPjjKGrfc,1107,1995,Raising My Family (Single Mix),404f39e2df508e81dc44bd754d21a735f2f4084ebaf7ff0a6f5bc0a58c07b467
Bye Bye Baby (Original),Catcat,20 Vuotta - Juhlalevy,https://www.youtube.com/watch?v=L2Pc57R-R7A,1108,1994,Bye Bye Baby (2024 Mix),dc51ad57b5b134ac8c22e2bc5e2c16d89286d0fe9ad0bb684dd6513fda0726f4
Butterfly,Crazy Town,Butterfly,https://www.youtube.com/watch?v=6FEDrU85FLE,328,1999,Crazy Town - Butterfly (Official Video),b967e2dec1f0a9c374ae4c0fecbc90fb218883715cffa0b1ef87d92ca47c5d78
Romeo & Julia,Movetron,Irtokarkkeja - makeimmat hitit,https://www.youtube.com/watch?v=ns5lf81l0T8,1110,1994,Romeo & Julia,93d1e2d0b3abdb48f560987b068926296a6594588d014c8713e5e7231a44f786
Taiteilijaelämää,Ismo Alanko,Taiteilijaelämää,https://www.youtube.com/watch?v=aZitk1o19pA,1111,1995,Ismo Alanko - Taiteilijaelämää,694101fa10334fad1659ab70906887c23e104b6322e9e7a6ba8dbe03ad9ed52d
Naispaholainen,Aki Sirkesalo,Mielenrauhaa,https://www.youtube.com/watch?v=j_2IskCKUBM,1113,1995,Naispaholainen,5a35273818ccb0a482eb5ca080bafafce1588f8b8965f094c1d4fe469261cca5
Rakastuin mä looseriin,Nylon Beat,Nylon Beat,https://www.youtube.com/watch?v=wTBp7KE4gVQ,1114,1996,Rakastuin mä looseriin,c97841623ba5e40a6c10f2c65002129752e87b52b539d9f9a5927ce69112cf90
Kaunis peto,XL5,Suomi Huiput,https://www.youtube.com/watch?v=m6g0dYYgvWo,1115,1996,Kaunis peto,2e387ac1d1a4dc9bf1c42357a6859cfb9e629c65e5b92bb67da4d399c6dbc9c2
Hyvää yötä ja huomenta,Don Huonot,Onnenvarjot,https://www.youtube.com/watch?v=bKqX59vsQJk,1116,1997,Don Huonot - Hyvää yötä ja huomenta (Video),5d04e17a86fce71544b9907b7f87b7c52cbb78a385389389dd08fe0d5087622f
Your Woman,White Town,Women In Technology,https://www.youtube.com/watch?v=lVL-zZnD3VU,295,1997,White Town - Your Woman (Official HD Video),941a15ded28e94b54fc509d1207e233d8043406bf97546b862c9481171ce0037
Sinä Lähdit Pois,Ultra Bra,Kroketti,https://www.youtube.com/watch?v=lG19up8xP18,1117,1997,Ultra Bra - Sinä lähdit pois (1997),140780c701712f81641ef62a4a13acc78f7c57cc1f9ce01bce07585d0eba4a8c
Black Diamond,Stratovarius,Visions,https://www.youtube.com/watch?v=6vJ_zHe_p60,1119,1997,Black Diamond,1a05afbba2b24622a1fc71d9c46ca6e4d4bc9fd17c9b89935f826198ee5461a3
Todella kaunis,Zen Cafe,Idiootti,https://www.youtube.com/watch?v=3N9lyJoPQrA,1120,1998,Todella kaunis,9942466911e227570189f85175b334d9c88c5e500ff8929be7b9298ce7ed5188
Suomirokkia,Aknestik,Sata Vuotta Kaivossa,https://www.youtube.com/watch?v=XcqDoR3mJQ0,1121,1998,Aknestik - Suomirokkia,88d1c108c8cdee532ae8a7d70a7f583c443969c15ebcc73ed41e188a36f2b00b
Living Next Door to Alice,New World,Sister Jane,https://www.youtube.com/watch?v=os3mzI8LKBQ,617,1972,"New World ""Living Next Door To Alice"" - THE ORIGINAL (AND THE BEST?)",5540ad7ed6d9d0d588dfc04ea6a468aab7cd7fdefef1cafb3341a77377838bb5
Satumaa-tango,Maija Vilkkumaa,Pitkä ihana leikki,https://www.youtube.com/watch?v=zCLP7r2eiWo,1122,1999,Satumaa-tango,25315869236937f1abd25d6e43359ca226c58897101bb8e4defcfa4cd80a2a6d
Sandstorm,Darude,"Before the Storm, Special Edition",https://www.youtube.com/watch?v=7WTRWh3hOys,755,1999,Sandstorm,1867a6f7cd56b7ab1a385e14b0b0d76109666680bf5a0361e1c1b08db25813f5
Join Me In Death - Strongroom Mix,HIM,Uneasy Listening Vol.1,https://www.youtube.com/watch?v=yiNhaq4ZfL0,1123,1999,HIM - join me in death (Strongroom mix),cce48efa6ac0015f7fd38ca4adc6cb5620e5ebd84d0ae72e03f0700bfe0c7d8a
Kaikki Nuoret Tyypit,Tehosekoitin,Rock'n Roll Monster Movie Show,https://www.youtube.com/watch?v=a14i0kXI56w,1125,2000,Kaikki Nuoret Tyypit,5cecdf861287ef4c0a0054c0397796d5cfd1d2c15fed1f83c8a83dac0a4d8887
Lauren Caught My Eye,The Crash,Wildlife,https://www.youtube.com/watch?v=V55NewBzPJE,1126,2001,Lauren Caught My Eye,af114344bbdaadc2fa43a7b8034528fda260be7c5135eb58ab7a7118d23de0c3
Etsit Muijaa Seuraavaa,Gimmel,Lentoon,https://www.youtube.com/watch?v=9YrQydgWTXA,1127,2002,Gimmel - Etsit muijaa seuraavaa,185b9469f713b5f6b53e7ea32c1a45028ab4186ad514626ba037d8647cf8724b
Rusketusraidat,PMMP,Kuulkaas Enot!,https://www.youtube.com/watch?v=uW8m_w75vRs,1128,2003,PMMP - Rusketusraidat,f5f991a85adffec67f758f67efa2f26ac7058c098c6e84b958c8dd485bde9d36
Dragostea din tei,O-Zone,DiscO-Zone,https://www.youtube.com/watch?v=YnopHCL1Jk8,563,2003,O-Zone - Dragostea Din Tei [Official Video],777d355af42786f9708a42a03afde035af9c70a419194e6d7bc297f396aee20d
1972,Anssi Kela,Suuria Kuvioita,https://www.youtube.com/watch?v=A8Yahj2fUgA,1129,2003,Anssi Kela - 1972,d8b9f47161ebc85c8a648e5523f4e76213f581ef8590ebe389459ada272a4439
Nemo,Nightwish,Highest Hopes-The Best Of Nightwish,https://www.youtube.com/watch?v=kIBdpFJyFkc,1131,2004,Nightwish - Nemo [OFFICIAL VIDEO],65e27eba57e47f2445acbc9b4d71b06e761d673014306749c077c8cf99763d38
Perutaan häät,Anne Mattila,Perutaan häät,https://www.youtube.com/watch?v=o8XoixLCflQ,1133,2005,Perutaan häät,bb4fd393f27ab192c8b493a2512ae534f331b418fc6673f9115589741b159899
Hard Rock Hallelujah,Lordi,The Arockalypse,https://www.youtube.com/watch?v=6H4mJXcQaRU,1134,2006,Hard Rock Hallelujah,3c7ca83cc84b6ab8c7abb081780db3878bbf8bb7148769e07cf171c1095271ae
Mikä kesä?,Valvomo,Mikä kesä? / Single,https://www.youtube.com/watch?v=iCzz61uAPJ0,1135,2006,Valvomo - Mikä kesä?,ee6b54ab2c1a4ffc1f29daaa1f2555c3379b9b9aae9e58982c455cbae27a18a3
With Or Without You,U2,U218 Singles,https://www.youtube.com/watch?v=ujNeHIo7oTE,1031,1987,U2 - With Or Without You (Official Music Video),0b4b38f35fd86ad9faab7ec0dbd14265ce998044bbe56e4228e7c89073657f12
Pokka,Irina,Liiba Laaba,https://www.youtube.com/watch?v=LpPdSpYxo04,1136,2007,Irina - Pokka,d8fa2664b50e01a2829a56b47deca0f577d7dfe3b0950fa90d5e93b583f5c528
Ihmisten edessä,Jenni Vartiainen,Ihmisten edessä,https://www.youtube.com/watch?v=g7a5Ix5G_Dw,1138,2007,Ihmisten edessä,f5f991ccb707965d507248c49748ce107b2f4551e78ff21e856de95aacdbb77c
Che Guevara,Happoradio,Kaunis Minä,https://www.youtube.com/watch?v=Rdqzp03D-3Y,1139,2008,Happoradio - Che Guevara (Video),693c2cf16dc8333a1f9f4e4df89f7c9d8dc4580c69e43cad2e9c1575bd001a88
Baden-Baden,Chisu,Vapaa ja yksin,https://www.youtube.com/watch?v=Yu19IWuIArY,1140,2009,Chisu - Baden-Baden (Official video),7c2182ded65a12ea0550bb8ce5928253c404da29322cc6c6362d7b321f72ab9b
Vapaa,Kaija Koo,Irti,https://www.youtube.com/watch?v=6aVPVlKh0KA,1141,2010,Kaija Koo - Vapaa (OFFICIAL VIDEO),127ada5005e9f0dcdf049246b56f536b3e72d749e5c99ddf524764d0e5922152
Mikä boogie,Fintelligens,Mun tie tai maantie,https://www.youtube.com/watch?v=pFCJBhj6ooc,1142,2010,Fintelligens - Mikä Boogie,4bfcdc9e54835b931c011ee89cc71bacfe77c0c6fbedc378ea4c2beba4db35aa
Häissä (feat. Märkä-Simo),JVG,Mustaa kultaa,https://www.youtube.com/watch?v=TtyCl5M6YTA,1143,2011,Jare & VilleGalle - Häissä ft. Märkä-Simo [HD] + lyrics,dbc0724710f0ad0af4bc43707c1ca4384324299893f337d84f4de35a8d49ca06
Hollywood Hills,Sunrise Avenue,Out Of Style (Special Edition),https://www.youtube.com/watch?v=azPQZSlC2zk,1144,2011,Sunrise Avenue - Hollywood Hills (official),67a878562babf229fe8f5ae470fd26fdd6a94bc2ccb5a7abe6632f288aaf7574
Silkkii,Jukka Poika,Yhdestä puusta,https://www.youtube.com/watch?v=xxzjzHBZZok,1145,2011,Jukka Poika - Silkkii (OFFICIAL VIDEO),b416775acda77847d5b1a8b5f1121f3522fd5855fdbab63db7880c488ddfb00d
Pumped Up Kicks,Foster The People,Torches,https://www.youtube.com/watch?v=SDTZ7iX4vTQ,917,2010,Foster The People - Pumped Up Kicks (Official Video),633b2951701852067b75ed88618d090618bc8556de2510ad92672a39e54dd9b8
Mennyt mies,J. Karjalainen,Et ole yksin,https://www.youtube.com/watch?v=J0-CIhGuFL8,1147,2012,Mennyt mies,3c8ebcb5d9d7245092637607dcd45581cf3e8ba54e7abba7da9fbae235c949b6
Frontside Ollie,Robin Packalen,Koodi,https://www.youtube.com/watch?v=oNfwMepTuZ0,1148,2012,Robin - Frontside Ollie,59226992e2dfa90c1fecbe549fc1ac5289313a6d85bcf78f2deee0ce4bccdd86
Levikset repee (feat. VilleGalle),Sini Sabotage,22m²,https://www.youtube.com/watch?v=0n2eIz28luw,1150,2013,Levikset repee (feat. VilleGalle),7f6a6acd3b4a91a3a1fe961e59a6749028132350d80490d5db51c74b1d4dc4a3
Salil eka salil vika,Musta Barbaari,Salil eka salil vika,https://www.youtube.com/watch?v=tR20khy4bVY,1151,2013,"Musta barbaari  Salil eka, salil vika",d7138cab1886f83752b157e90087a6d7f14cb2ccfb7fc4cda6af1d7df0100026
Beibi,Haloo Helsinki!,Kiitos ei ole kirosana,https://www.youtube.com/watch?v=CyMpHXAjosA,1152,2014,Haloo Helsinki! - Beibi,420507372f02bb8763efd4681c0c8d184eee6064bf2f013ebf667d2c6f9fdddf
Maradona (kesä ´86),Teflon Brothers,Isänpäivä,https://www.youtube.com/watch?v=D7RGeatsycM,1153,2014,Teflon Brothers - Maradona (kesä '86) SANAT,9f43fa8a4025c39154f8cb8994e042f178c6d0b3d06a4f1b411faf5467492354
Roy Orbison,STIG,Roy Orbison,https://www.youtube.com/watch?v=OdkWwgTEqag,1154,2014,Stig - Roy Orbison (virallinen musiikkivideo),3a90d0c2c63fd9f4df1a5126b084bc43e10951bc6ec5af4ae82a3dc4d8781e31
Tequila,Vesala,Vesala,https://www.youtube.com/watch?v=7Koqo1UzBxI,1155,2015,Vesala - Tequila (virallinen musiikkivideo),0c404e3698597fa78ad9051659d0ecb40dcd6aef54ae86649384c572713db283
Peto on irti,Antti Tuisku,En kommentoi,https://www.youtube.com/watch?v=tk5IW-pYZk8,1156,2015,Peto on irti,093d8cf7a77628e05ff8ad1f1040315dfd377ecc23ea7bd6b2540c01479714b7
Kohta sataa,Pete Parkkonen,TOP 10,https://www.youtube.com/watch?v=L9ZbJrxloQ8,1157,2016,Pete Parkkonen - Kohta sataa (virallinen musiikkivideo),d1049ca252be2af761885108c81ee40119bc425c132fe02f978873a1299d0cd0
Honey,Evelina,24K,https://www.youtube.com/watch?v=_9BsMuaHP48,1158,2015,Honey,e8785d7e6ef16cb1b861096195a0533e0b64a1fd9da83857c66ba1230e426648
Leijonakuningas,Ellinoora,Villi lapsi,https://www.youtube.com/watch?v=bc5-6zT2iGY,1159,2016,Ellinoora - Leijonakuningas,22f39c5f4b44aadac5b3b00530233e24930f1b749ca28a417bb074b64ad371af
Chasing Highs,ALMA,Chasing Highs,https://www.youtube.com/watch?v=w6DukrYK5wQ,1160,2017,ALMA - Chasing Highs,a97f09f63a1fa4eaad6d6f12c1f1c8dea132c32d373e0c8f56902b633b10581d
Suomen muotoisen pilven alla,Arttu Wiskari,Suomen muotoisen pilven alla,https://www.youtube.com/watch?v=a22mUEFz5JU,1161,2018,Arttu Wiskari - Suomen muotoisen pilven alla (Lyriikkavideo),facd694fb9f24576ec91a98cbbb979ceb2e3f82d457b3fb00c50b2adf98b00ef
Tein kai lottorivini väärin,Maustetytöt,Kaikki tiet vievät Peltolaan,https://www.youtube.com/watch?v=RwSJuuFQ--g,1162,2019,Tein kai lottorivini väärin,62bbffd6c0aa700366be7f5f71d6c1c9fb9bbdf5f7e8440d13fc287f2abfaea4
Wherever You Will Go,The Calling,Camino Palmero,https://www.youtube.com/watch?v=iAP9AF6DCu4,560,2001,The Calling - Wherever You Will Go (First Video- in Tijuana),2e4b424d28513765b4e6fef4facf4d55cca5b66e2a5fd23ece1ed452c82e30d9
Vauhti kiihtyy (feat. Matti ja Teppo),Portion Boys,Vauhti kiihtyy (feat. Matti ja Teppo),https://www.youtube.com/watch?v=r-uc_Gxc88I,1164,2021,Vauhti kiihtyy,5a68b8b4e9e8a29c6e9de1a7f1c1e60562fc6ea873c886c2f70e28cb1f3421c5
Dark Side,Blind Channel,Dark Side,https://www.youtube.com/watch?v=rhQftHLS0gw,1165,2021,Dark Side,679ed69f340ad191075dd6e5a4a3d5a6913bc39bad7dc584240a994b5fda485d
Ram pam pam,BESS,Ram pam pam,https://www.youtube.com/watch?v=UhSmMU4RtNU,1166,2022,Ram pam pam,942e716b251a574bcd72a9015a3a5be958f7b62de2744a9c6f4e4dbbde4fc10f
Freestyler,Bomfunk MC's,In Stereo,https://www.youtube.com/watch?v=ymNFyxvIdaM,732,1999,Bomfunk MC's - Freestyler (Video Original Version),dcdabe06f278cb0c9c5c89056701e53f4d38785d0ede4abe3a0a3b2ddfb4634b
In the Shadows,The Rasmus,Dead Letters,https://www.youtube.com/watch?v=_ao2u7F_Qzg,631,2003,The Rasmus - In the Shadows (US Version),fe8aca94c0c5152f7412c933d8c92026496cb9c1a82dcd6dcf4a3c5220e9007b
Only You (And You Alone),The Platters,The Platters Golden Hits,https://www.youtube.com/watch?v=mHIlYtT5yQg,11,1955,Only you (and you alone) by The Platters Lyrics,65a507252a9d95953b2104fd5faeaefa4f6e70d674c9450202cc33880750bba7
Tutti Frutti,Little Richard,Here's Little Richard (Deluxe Edition),https://www.youtube.com/watch?v=L32usj28t9o,12,1955,Tutti Frutti,4c6479a4970706e1ce7d92fc13fb39decfa4509d52a66aca59939043a84855f3
Runaway,Del Shannon,Runaway with Del Shannon,https://www.youtube.com/watch?v=veRHPL9xFpY,31,1961,Runaway,32e6a40ce503b6cb6461382d2e412b6ec60c43f9884aa10415922c300c221828
Let's Twist Again,Chubby Checker,It's Pony Time/Let's Twist Again,https://www.youtube.com/watch?v=Frw7U5X8dhg,34,1961,Let's Twist Again,fb85ec2cb4e037501658ca07177fbe9fd7b209fa622ccc741dca601f8b54ab6e
Breaking Up Is Hard to Do,Neil Sedaka,Circulate (Expanded Edition),https://www.youtube.com/watch?v=2M584bP_FeE,37,1962,Breaking Up Is Hard to Do (Remastered),19b909dd6be28c410bb293e50e65fd83de7cf60b035a45b8809e05c27d14e41a
Unchained Melody,The Righteous Brothers,Just Once In My Life,https://www.youtube.com/watch?v=te51eVrFWEc,49,1965,Unchained Melody,7ea5c7195bc220a2dd539ced544d44fab35b3bf983b0913c30b7cfe1734bfb76
(I Can't Get No) Satisfaction - Mono Version,The Rolling Stones,Out Of Our Heads,https://www.youtube.com/watch?v=mrTHTxXKfCI,54,1965,The Rolling Stones - (I Can't Get No) Satisfaction (Mono Version),06df7ee6b515d70b5f905c927b86bc360b937866f90d0fa6dd6f5efd3485bbd3
Bohemian Rhapsody,Queen,Bohemian Rhapsody (The Original Soundtrack),https://www.youtube.com/watch?v=fJ9rUzIMcZQ,120,1975,Queen – Bohemian Rhapsody (Official Video Remastered),d0a3355898f0c40b637de792416161967e71d3c774fba2959df274808cffc0de
Eye of the Tiger,Survivor,Eye Of The Tiger,https://www.youtube.com/watch?v=btPJPFnesV4,170,1982,Survivor - Eye Of The Tiger (Official HD Video),592bbd4dd925652e0d9224abd42b329ea2892c9d459a856f18fcfb262dce81a0
Here I Go Again,Whitesnake,Whitesnake's Greatest Hits,https://www.youtube.com/watch?v=i3MXiTeH_Pg,173,1982,Whitesnake - Here I Go Again,488b16b49f43633c948b2235f6280a5b5aa6442caa2754c4e1105aa254080948
Missing You,John Waite,No Brakes,https://www.youtube.com/watch?v=Tg7vvmlrRzc,184,1984,Missing You,a6b929276e1d3c5e24c79f3a091de825c88e7684976fe863b5d226f801a8501d
Everybody Wants To Rule The World,Tears For Fears,Songs From The Big Chair (Super Deluxe Edition),https://www.youtube.com/watch?v=U4zA0xnBEJU,194,1985,Everybody Wants To Rule The World,c44258388b6db5294c909643de58bce3c225eb9d4a85f101f2efba08f4b92dad
Invisible Touch,Genesis,Turn It On Again - The Hits,https://www.youtube.com/watch?v=jpmiZ7zsHXY,200,1986,Genesis - Invisible Touch (Official Music Video),3087a130abb4bcd46b51c3f14ef58b5808103919c5fb5c38592a79ac48e022cd
Gonna Make You Sweat (Everybody Dance Now) (feat. Freedom Williams),C & C Music Factory,Super Hits,https://www.youtube.com/watch?v=4R6t7YWmM5E,231,1990,C & C Music Factory feat. Freedom Williams - Gonna Make You Sweat (Everybody Dance Now) (1990),44f9751a2d683b2ce98210064f6a3266898d77d6a6bae35b79020a4fd439e6df
Pop-Musiikkia,Nelja Baritonia,Poko 30v.,https://www.youtube.com/watch?v=_bBHgR2JngY,1118,1997,Pop-musiikkia,e55f24d60bc8d8879ff23598bfca7e21b33a4484ee4bab84fe402f71da9bf37c
Insane in the Brain,Cypress Hill,Black Sunday,https://www.youtube.com/watch?v=RijB8wnJCN0,250,1993,Cypress Hill - Insane In The Brain (Official HD Video),5b32284e8181a292b0e15d92a39ac213c631563d87e67b520e7458ebdae64e69
Laid,James,Laid,https://www.youtube.com/watch?v=g_qZ5B-yioU,258,1993,James - Laid (Version 2),d403288f0d5bfe11d01b136f72ad9116aea336df909fef612b0872d0703b117f
Common People - Full Length Version,Pulp,Different Class,https://www.youtube.com/watch?v=t7HNUVCv_X0,274,1995,Common People (Full Length Version),a376bff5fd58a42966d691211aa3f840129b1dd3c0afa5306f6035a432067aad
What Can I Do,The Corrs,Talk on Corners,https://www.youtube.com/watch?v=RibtqL3Y0Cg,308,1997,What Can I Do,d620682eece907f329432d46713c78b5fd34fb4e1b4684f423deeea86572d1d6
Porcelain,Moby,Play,https://www.youtube.com/watch?v=IJWlBfo5Oj0,324,1999,Moby - 'Porcelain' (Official Video),61d5a738e91dc40c0749af5058ec005dc3167b17c2d6c1326c352ab887075c55
Suklaasydän - Mama's Pearls,Brita Koivunen,Brita Koivunen ja Olli Hämeen kvintetti,https://www.youtube.com/watch?v=dKuMVJkyVZc,1070,1956,Suklaasydän - Mama's Pearls,8661a654455a1d2f8c7738273ddd79608512baf4b92103367cdf2bd022fc4abc
Pahempi toistaan,Apulanta,Kiila,https://www.youtube.com/watch?v=YU08gHNq_Pg,1132,2005,Apulanta - Pahempi toistaan (Official),89d1c6d0d2d9fcd7342a16fc71d4f3c7ca5a84e4a1c3f544ac3fc73f45207ace
Somebody Like You,Keith Urban,Golden Road,https://www.youtube.com/watch?v=eiBinM-f-Pk,346,2002,Keith Urban - Somebody Like You (Official Music Video),7d36690d2758d8447850747e8caf800e0315f75401396a4af46f681ba23c1aa6
Kellä kulta sillä onni - Everybody Loves A Lover,Laila Kinnunen,Iskelmiä vuosien varrelta,https://www.youtube.com/watch?v=5WuMnLp_izY,1071,1958,Kellä kulta sillä onni - Everybody Loves A Lover,0ab273b41833f229b382237ddc6cfce1269e35edc91d5e02c582e5dacac21f24
I Believe in a Thing Called Love,The Darkness,Permission to Land,https://www.youtube.com/watch?v=tKjZuykKY1I,354,2003,The Darkness - I Believe In A Thing Called Love (Official Music Video) [HD],ad83ef048c925770eb667d0bb702a22c1e8f4d52b8114b5b8c379ac84eee4dd3
This Is The Life,Amy Macdonald,This Is The Life (eDeluxe),https://www.youtube.com/watch?v=iRYvuS9OxdA,384,2007,Amy Macdonald - This Is The Life,350215cb2b788acbca12c9dfef933e2f5ff7f553215abb0d112a448c27c4ab78
Take Me To Church,Hozier,Hozier (Special Edition),https://www.youtube.com/watch?v=PVjiKRfKpPI,425,2013,Hozier - Take Me To Church,2e0ecf976d0ed198afc0b559afe974c06e9227ca4d7b6a4d3a0a2f02829fe9b0
Worth It (feat. Kid Ink),Fifth Harmony,Reflection (Deluxe),https://www.youtube.com/watch?v=YBHQbu5rbdQ,447,2015,Fifth Harmony - Worth It (Official Video) ft. Kid Ink,2de9639def189f4b2ed7cd20f4d29b199e1ae00623b2be6e5caa613ce1ef6904
Sokka irti,Cheek,Sokka irti,https://www.youtube.com/watch?v=tG8XpMDbHGM,1149,2012,Cheek - Sokka Irti (Official Music Video),e73254577fa40b1d6e58a7c9c91970d5f3a56ae5898bbf7ccceaf4eebcade70e
The Middle,Zedd,The Middle,https://www.youtube.com/watch?v=M3mJkSqZbX4,461,2018,"Zedd, Maren Morris, Grey - The Middle (Official Music Video)",0c079d998901fa15e3d540610393db07d626da9b3601f44fa9cc4282bf5f9a0b
no tears left to cry,Ariana Grande,Sweetener,https://www.youtube.com/watch?v=ffxKSjUwKdU,463,2018,Ariana Grande - no tears left to cry (Official Video),3d3f263174ddff5647afca3fecf50b8221cf299f98eb2f790e07a067b895b9e8
You're the Voice,John Farnham,Whispering Jack,https://www.youtube.com/watch?v=tbkOZTSvrHs,495,1986,John Farnham - You're the Voice,28c5de9766c33572f301926e13562d442f305f46443e5f660d6afc41f992e93b
Heilutaan,Tiktak,Ympyrää,https://www.youtube.com/watch?v=IqzMLhV52JI,1130,2003,Tiktak - Heilutaan (lyrics),4523ed13d46c65337bc23deccc76b6d0c71d215109aaaabc35fe150f9f70aed9
Don't You (Forget About Me),Simple Minds,Once Upon A Time (Super Deluxe),https://www.youtube.com/watch?v=CdqoNKCCt7A,502,1985,Simple Minds - Don't You (Forget About Me),7cc5414832dcc95657fae9eb61041cfd56d1053fa4324f88ab2e8fd15026ada7
Don't Cha,The Pussycat Dolls,PCD,https://www.youtube.com/watch?v=YNSxNsr4wmA,521,2005,The Pussycat Dolls - Don't Cha (Official Music Video) ft. Busta Rhymes,0855bae665e12e4d3f0a36734f207c05b0bde284eec1fee4ac03ff35cf9a33fc
Hollaback Girl,Gwen Stefani,Love Angel Music Baby,https://www.youtube.com/watch?v=Kgjkth6BRRY,523,2004,Gwen Stefani - Hollaback Girl (Official Music Video),67edea41a3042a5f349a85e91b9fdddd797b744e44b0bfa7ad593adfe66af7d3
Survivor,Destiny's Child,Survivor,https://www.youtube.com/watch?v=Wmc8bQoL-J0,524,2001,Destiny's Child - Survivor (Official Video),00e7f717eaf3983c6b70883447bc04a40a157cc8efb5ece996c2d41b0efc2dca
Push The Button,Sugababes,Taller In More Ways,https://www.youtube.com/watch?v=oJDGcxAf9D8,526,2005,Sugababes - Push The Button (Official Music Video),74031a5baa1527ecb14ede0517efc0a37f26030bc180addee89a4a8807b408ed
Tinakenkätyttö,Kaija Koo,Tinakenkätyttö,https://www.youtube.com/watch?v=6KM918xY95k,1124,1999,Tinakenkätyttö,0c4139f10ddff20e8f02ad06273578e2e2aeaa38fa58e89955f3916b90d55ac3
At Last,Etta James,At Last!,https://www.youtube.com/watch?v=1qJU8G7gR_g,532,1960,At Last,e8578907357057e372acfbb7a5fcc1a089f0d75beae9312c467748ce57b41b3f
Knockin' On Heaven's Door,Bob Dylan,Pat Garrett & Billy The Kid (Soundtrack From The Motion Picture),https://www.youtube.com/watch?v=rm9coqlk8fY,539,1973,Bob Dylan - Knockin' On Heaven's Door (Official Audio),08636ff7c362edaa0826cb715b6e3594a02c5275c3bdd7c0254709e2f6299bf3
"Take Me Home, Country Roads - Original Version",John Denver,"Poems, Prayers and Promises",https://www.youtube.com/watch?v=Wh2kwpnQu6c,545,1971,"Take Me Home, Country Roads (Original Version)",f0214d7a1e22ad2cf9478b85983163a6585b24eaf0f4556d93fe1fed61bbd3c6
Tipi-tii,Marion Rung,Marion Rung,https://www.youtube.com/watch?v=DP5qIuHdESo,1072,1962,Tipi-tii,e5293ebbbac369ae48824efd04c2d304c19a9c54ae4b992e3ff13813df343243
La Camisa Negra,Juanes,Mi Sangre,https://www.youtube.com/watch?v=kRt2sRyup6A,564,2004,Juanes - La Camisa Negra,a8e388223cde80664cde33d948a074303fae9ec5a786f82bdd583da788c0d2b3
Rhythm Is A Dancer,SNAP!,The Madman's Return,https://www.youtube.com/watch?v=JYIaWeVL1JM,567,1992,SNAP! - Rhythm Is A Dancer (Official Music Video),9225b6e7c085da9a589230379997c20e8f7790bef33abbe53aadca93e3844f05
Out of Touch,Daryl Hall & John Oates,The Very Best of Daryl Hall / John Oates,https://www.youtube.com/watch?v=DCkJ5lGPqFs,585,1984,Out of Touch,c12afa5efd3b84dd3b6bbae9a6ca6f6653c75edc1fb51b573c1bdfc3829dd7c1
Shackles (Praise You),Mary Mary,Go Get It,https://www.youtube.com/watch?v=V7eZD3TKn_M,602,2000,Mary Mary - Shackles (Praise You) (Video),8f67aa247da04b17a8c3418533985874ef660ba95f9320141301a8586f7f6454
This Love,Maroon 5,Songs About Jane: 10th Anniversary Edition,https://www.youtube.com/watch?v=XPpTgCho5ZA,608,2002,Maroon 5 - This Love (Official Music Video),1e25e0be35ac2fc3101e4f2769c5586548551d5287e96096a527697d743d0f6c
Always On Time,Ja Rule,Pain Is Love,https://www.youtube.com/watch?v=0tcDXJfAFVw,615,2001,Ja Rule - Always On Time (Official Music Video) ft. Ashanti,aad5a78430dd32ae3a04b95d89671bf37d350044804fb4ab1f839fd8bab411e8
Jos sulla on toinen,Taikapeili,Suuri salaisuus,https://www.youtube.com/watch?v=rWolctNslKg,1109,1994,Jos sulla on toinen,88bf898e679574cd8fcdf05fd2be462a849a82f58d04c66835cb8c189d182097
"I'll Be Missing You (feat. Faith Evans, 112)",Diddy,Bad Boy's 10th Anniversary- The Hits,https://www.youtube.com/watch?v=pNPf-aP-bsA,618,1997,"I'll Be Missing You (feat. Faith Evans, 112)",8d78fa9c92760616df87ea8d48a5080e35c0e9a949432abc5be2fdd90a962395
Suga Suga,Baby Bash,Tha Smokin' Nephew,https://www.youtube.com/watch?v=6rgStv12dwA,619,2003,Baby Bash - Suga Suga (Official Music Video) ft. Frankie J,005e017ed2681acc8b560135ead0c5b5903d937ce58600ed2d93c72702246e94
To the Moon & Back,Savage Garden,Savage Garden,https://www.youtube.com/watch?v=HCm6gRHINqA,621,1996,Savage Garden - To The Moon & Back (Extended Version),9db83d44d77de285f22ba8a0315b56e508de85ab2a3b36705b8083144dffd4d1
Glory of Love,Peter Cetera,Solitude / Solitaire,https://www.youtube.com/watch?v=1eQWdpWjXlk,627,1968,Glory of Love,ae01e486e554142501fdd607035eac35ec3c3553e5a7c9a1a243cf95c583ce4e
See You Again (feat. Charlie Puth),Wiz Khalifa,See You Again (feat. Charlie Puth),https://www.youtube.com/watch?v=xl8thVrlvjI,635,2015,See You Again (feat. Charlie Puth),a4dfd3f19a7db8f7d4021d2668db0f834b4e35383a4701c66855abaacc5a254d
It Wasn't Me,Shaggy,Hot Shot,https://www.youtube.com/watch?v=_PdVMd4qj2s,641,2000,It Wasn't Me,3866cd3d6daa3ba86a05c734ddf88cba91c3501cd9e45b9fcbea112a1f95d181
O Sole Mio,Enrico Caruso,"The Gramophone Classics, Vol. 1",https://www.youtube.com/watch?v=4zrnLvpT5lg,645,1916,O sole mio,bd7111419fc4315cc0c11277803f7ad906153f0b98773feead98c276716adfb8
Ain't No Mountain High Enough,Marvin Gaye,20th Century Masters: The Millennium Collection: The Best Of Marvin Gaye & Tammi Terrell,https://www.youtube.com/watch?v=ABfQuZqq8wg,653,1967,Ain't No Mountain High Enough,c47df4e35990d8ed33d1d96e178d3d0d4aeb0ae706677b75abea79165ed0ce1c
In the Midnight Hour,Wilson Pickett,In the Midnight Hour,https://www.youtube.com/watch?v=Il-usrZxGns,654,1965,In the Midnight Hour (45 Version),032457e5a491ac790bb6f27eba8a7a314311cb09a1108969b0d2774c31f2f69f
Let's Stay Together,Al Green,Let's Stay Together,https://www.youtube.com/watch?v=XXx6RDzR6eM,655,1971,Al Green - Let's Stay Together (Official Audio),2abd5761e76f8c7e0f07f4103b0ad8f4b12d4deb1ae00676c5f4f5d76f1a459c
I'll Take You There,The Staple Singers,The Very Best Of The Staple Singers,https://www.youtube.com/watch?v=IhHBr7nMMio,658,1972,The Staple Singers - I'll Take You There (Official Lyric Video),cd3fd045ce6235bf2c2506ddb47c7be2f7e4f32ec1d20ce810e7ebdb643364be
Cicciolina,Erika Vikman,Cicciolina,https://www.youtube.com/watch?v=7qgw9wq4aQs,1163,2020,Cicciolina,d666cb0f7239c15a58684642a3654cec1cd200e3d0fced18690f06260484116e
(Sittin' On) the Dock of the Bay,Otis Redding,The Dock of the Bay (Mono),https://www.youtube.com/watch?v=rTVjnBo96Ug,659,1968,Otis Redding - (Sittin' On) The Dock Of The Bay (Official Music Video),af68ffcc1e1615ea3adf845cea25967ce7104229f98b9b1aece31cb58dae42aa
Sherry,Frankie Valli & The Four Seasons,The Very Best of Frankie Valli & The 4 Seasons,https://www.youtube.com/watch?v=LVAsnD969qs,660,1962,Sherry,ad7fb9da5b1bf0d429262304700ad7d0a85ecc4669d850d1d22ba9bf9e3ed765
The Lion Sleeps Tonight,The Tokens,Both Sides Now,https://www.youtube.com/watch?v=OQlByoPdG6c,661,1961,The Tokens - The Lion Sleeps Tonight (Wimoweh) (Audio),28052146e5c40914f732b11128a1937c351b84076084e89b21c5ee09cf899932
Baby Love,The Supremes,Where Did Our Love Go,https://www.youtube.com/watch?v=D6QF4sB40gU,663,1964,The Supremes - Baby Love (Lyric Video),27f65cf8e5b2758279041bd6de4c40ef4af91c8dbf873a2886fbe2580fba817e
(Love Is Like A) Heat Wave,Martha Reeves & The Vandellas,Heat Wave,https://www.youtube.com/watch?v=5k0GDQrK2jo,664,1963,Martha Reeves & The Vandellas ~ Heat Wave  (1963),7b052e92a8692e75dc409c215d3560fa357b8281ba6c90141f6d754b1c516c5f
When All The Saints Come Marching In (Take 2),Paramount Jubilee Singers,Paramount Jubilee Singers & Taskiana Four (1923-1928),https://www.youtube.com/watch?v=2Dk3pBsG_4A,672,1923,When All The Saints Come Marching In (Take 2),07c539e8388181c67baa2912bf0679e2efd6a2a10f3d4f13db7513ec6f12f51b
Stayin Alive,Bee Gees,How Can You Mend A Broken Heart,https://www.youtube.com/watch?v=z2qoihbzc3E,675,1977,Stayin Alive,bf078afffc0fd6e23e9307196fb214e6438df09230b31a6b30f71ad11a98e635
The Gambler,Kenny Rogers,The Gambler,https://www.youtube.com/watch?v=w4RvskuFnPY,679,1978,The Gambler,ca7ca8f62b08ae2c6dbea6d0cf348de197fb20064c87fd2bb61d61d3a725daa3
What A Wonderful World,Louis Armstrong,What A Wonderful World,https://www.youtube.com/watch?v=rBrd_3VMC3c,681,1967,Louis Armstrong - What A Wonderful World (Official Video),1de9adb6fc4edcba20ab01c0a713f5ea84a6b85093023bfe81b40e949940b086
Odota,Aikakone,Tähtikaaren taa,https://www.youtube.com/watch?v=H6amnBdpBUo,1112,1995,Odota,7f49d2c8c159985f9f54266b0959551bd5d18e9cd94cc97beaaf36633e8cc7ab
To Be With You - 2021 Remastered,Mr. Big,Lean Into It (30th Anniversary Edition),https://www.youtube.com/watch?v=EMDAEZ4CHvk,699,1991,Mr. Big ● To Be With You (30th Anniversary Edition Remastered) [HQ],49f62e4c1a4836f15cffc3ba60ac218298752b9fe59a077f41b1c3d8ff1fad14
Video Killed The Radio Star - Single Version,The Buggles,Video Killed The Radio Star / Kid Dynamo,https://www.youtube.com/watch?v=W8r-tXRLazs,704,1979,The Buggles - Video Killed The Radio Star (Official Music Video),ce86997ac89257712257c1bfab98df363400c75b07d1fa3bad6c13e3281e6646
Fly Me To The Moon - 2008 Remastered,Frank Sinatra,Nothing But The Best (2008 Remastered),https://www.youtube.com/watch?v=7_udMxj54yc,707,1964,Fly Me To The Moon | Frank sinatra (2008 Remastered),b498481ee13d04354bb136ab1a89f634bdd2d2fc2abb5727efc5f3df3ff133ef
I Shot The Sheriff,Eric Clapton,461 Ocean Blvd. (Deluxe Edition),https://www.youtube.com/watch?v=L0xLLPJ0bOw,710,1974,I Shot The Sheriff,b774ad524c2d0e2f3c8c6a00607694796c98419be52a1a6a2d5f1dea47e78162
Heart Of Gold,Neil Young,"Eat, Pray, Love",https://www.youtube.com/watch?v=c7eB7Wns1-M,726,1972,Neil Young - Heart of Gold (Official Audio),c61e600df767e254f0d9879b36e4b40fe6576c60835bae964b19ab63eab62545
Rude,MAGIC!,Don't Kill the Magic,https://www.youtube.com/watch?v=PIh2xe4jnpk,728,2013,MAGIC! - Rude (Official Video),a7d17c976d969d504062f0b8225cccb6a031d562fffe39df7c6f68aecc987643
3:00:00 AM,Matchbox Twenty,Yourself or Someone Like You,https://www.youtube.com/watch?v=C-Naa1HXeDQ,731,1996,Matchbox Twenty - 3AM (Official Video) [HD Remaster],79cac88eff1b9ab1d37c36cf49d20dc963b4fd44a5c36d766da8e25cd37a5ef4
Drops of Jupiter (Tell Me),Train,Drops Of Jupiter,https://www.youtube.com/watch?v=7Xf-Lesrkuc,733,2001,Train - Drops of Jupiter (Official Video),da791be83ffefca954f9826ea3f18814aa18313bfa4bb3185994524beb5a4e89
All The Small Things,blink-182,Enema Of The State,https://www.youtube.com/watch?v=9Ht5RZpzPqw,738,1999,blink-182 - All The Small Things (Official Music Video),83013c151b56362d5513c3dc7f825093007499bf088dbe010bb143fa1f595a72
Absolutely Everybody,Vanessa Amorosi,The Power (15 Year Anniversary Re-issue),https://www.youtube.com/watch?v=iSwkaNdlKOg,741,1999,Absolutely Everybody,17c08bb50fd012016dd6bbb29d6c8894d3f5d6fb8639649abda6018984030d05
Macarena,Los Del Rio,Hits Of The 90s,https://www.youtube.com/watch?v=2zvd1JQ0EKY,743,1993,Los Del Rio - Macarena (Lyrics),a629775854658a8e3ad84673afdf18b0a13b94a1d70d1c3b69cbbd64c0826036
Coco Jamboo,Mr. President,We See The Same Sun,https://www.youtube.com/watch?v=_Jl-QpJNKiQ,745,1996,Coco Jamboo,2fe9c44cdffc2283e6b7cf82e64cec92a6cc71cd5c0cc54ed9d1b1681232acc8
Everybody Get Up - Radio Edit,Five,Let's Dance,https://www.youtube.com/watch?v=aaO_ZLGLbBQ,747,1998,Everybody Get Up (Radio Edit),bafe68cd645e3294ccaf97de187ae60d91ea0c8188987da07d58c118ed5008c5
Here Comes the Hotstepper,iNi Kamoze,On Your 90's Radio,https://www.youtube.com/watch?v=w0N4twV28Mw,748,1994,Ini Kamoze - Here Comes The Hotstepper (HQ),de939f39b1dce7891a8f384e4508a140a05a1b7b4e7ecf970d802dfed10eaf04
Sweat (A La La La La Long),Inner Circle,Blazzin' Fire,https://www.youtube.com/watch?v=-SvridcLD-I,751,1992,Inner Circle - Sweat (A La La La La Long),64e08fa21b0dd038ed8f8ac0d4954d588a84baf0fdd2210015e3d19ba271180f
Gangsta's Paradise,Coolio,Gangsta's Paradise,https://www.youtube.com/watch?v=fPO76Jlnz6c,752,1995,Coolio - Gangsta's Paradise (feat. L.V.) [Official Music Video],e94a83636fe6eaf80bbd7ca71b0d57424b5f4f5fdad1110acfcfd9fd66b43d8c
Fire Water Burn,Bloodhound Gang,One Fierce Beer Coaster,https://www.youtube.com/watch?v=Adgx9wt63NY,754,1996,Bloodhound Gang - Fire Water Burn (Official Video),7f366698b7041aff9aaf14b549b1565618a78da656535f7de2d7d51a798e8f8e
Heaven Is A Place On Earth,Belinda Carlisle,Greatest Vol.1 - Belinda Carlisle,https://www.youtube.com/watch?v=j2F4INQFjEI,758,1987,Belinda Carlisle - Heaven Is A Place On Earth (Official HD Music Video),2c64e9bd1ab67c2f52a5e1f7a6c39f885c441efb8c0a63bdfa44e2787aba2339
Red Red Wine,UB40,The Very Best Of,https://www.youtube.com/watch?v=zXt56MB-3vc,760,1983,UB40 - Red Red Wine (Official Video HD Remastered),519b00fc1ab76bad76c5a6ced33355c41d0a31a6a45d0f089194c6c334f36092
Just Can't Get Enough,Depeche Mode,Speak and Spell (Deluxe),https://www.youtube.com/watch?v=_6FBfAQ-NDE,762,1981,Depeche Mode - Just Can't Get Enough (Remastered),d40c1d2ef9fe7c35001b6c36da7ddd2a41c1aec193bf115aa268f78884c75902
Brown Eyed Girl,Van Morrison,Blowin' Your Mind!,https://www.youtube.com/watch?v=UfmkgQRmmeE,765,1967,Van Morrison - Brown Eyed Girl (Official Audio),3b90cb2c85acf98c684bd3e7214e3da1a8e79e46808b05491f6f7e5557e632ef
I Love to Love,Tina Charles,I Love To Love - The Best Of,https://www.youtube.com/watch?v=RDbL8GLr1yw,766,1976,I Love to Love,77d82578e4df00e39c3be6275e423aa9048de96de49e5eb5ad97bc820dfed14e
Ain't No Sunshine,Bill Withers,Just As I Am,https://www.youtube.com/watch?v=YuKfiH0Scao,767,1971,Bill Withers - Ain't No Sunshine (Official Audio),fdfdf0dd06c8a994da2b27a859137993df9e697a8b69cfb719f1a0056442ef5e
Mandy,Barry Manilow,Barry Manilow II,https://www.youtube.com/watch?v=AvGpvQbkccE,768,1974,Barry Manilow - Mandy (Audio),a4d6968667b9c6c2f978522d6136da0075cf432ad79ea2696f78190b1652f980
Hold My Hand,Jess Glynne,I Cry When I Laugh,https://www.youtube.com/watch?v=cLyUcAUMmMY,769,2015,Jess Glynne - Hold My Hand [Official Video],a6b3d276385cd7b5c599e2880da24487b68bb729939ad09bb7e0d87d37fd70f8
That's Not My Name,The Ting Tings,We Started Nothing,https://www.youtube.com/watch?v=v1c2OfAzDTI,771,2007,The Ting Tings - That's Not My Name (Official Video),25bfc78fc47926778e01136e02c38401a9b73e925978625527a04ccd1fb022a3
Ho Hey,The Lumineers,The Lumineers (Deluxe Edition),https://www.youtube.com/watch?v=zvCBSSwgtg4,772,2012,The Lumineers - Ho Hey (Official Video),b4ae7f442a08a211e248f713d23e2857716aabe6802fc9a660ec526ccfdcdb03
Jubel - Radio Edit,Klingande,Jubel (Radio Edit),https://www.youtube.com/watch?v=0JDjtM10j7w,773,2013,Klingande - Jubel (Lyrics - Radio Edit),55828e344ddbd9f419682a81695f6510cf8c878d020d91f8af8d11d4079214ac
Fuck You,CeeLo Green,The Lady Killer (Deluxe),https://www.youtube.com/watch?v=pc0mxOXbWIU,775,2010,CeeLo Green - FUCK YOU (Official Video),df0a04e1e16e4d4b21ee3dc7bfd4fa01ad3df519fd1f9072846931a29652c0e6
Ghost,Ella Henderson,Chapter One (Deluxe Version),https://www.youtube.com/watch?v=tA8AfQaUnXM,776,2014,Ella Henderson - Ghost (Official Video),3434c6c3092a49d284225678150129b2ad6a6c69a0c98ba7ef768cac9385ee54
Mrs. Robinson,Simon & Garfunkel,Forrest Gump - The Soundtrack,https://www.youtube.com/watch?v=9C1BCAgu2I8,782,1968,Simon & Garfunkel - Mrs. Robinson (Audio),908ffb217f2c2b98d1a2f1d45d338f0a352c5786b8284848a90964af8a080ddb
Everybody's Talkin',Harry Nilsson,Midnight Cowboy (Music From The Motion Picture),https://www.youtube.com/watch?v=BFKDyVPkonc,783,1968,"Harry Nilsson - Everybody's Talkin' (From ""Midnight Cowboy"") (Audio)",66d10b820d3127d77c53bd72787fd8381c6dbc258c4687d199ab938b086bcd63
The Power of Love,Jennifer Rush,The Power Of Love: The Best Of Jennifer Rush,https://www.youtube.com/watch?v=b_zHQ6kFuQ0,784,1984,Jennifer Rush - The Power Of Love (Official Video) (VOD),d2d2133074466229ed4d37c89a7e43936b761168563862995c2fa1a6b8ed95a4
I Was Made For Lovin' You,KISS,Dynasty,https://www.youtube.com/watch?v=ZhIsAZO5gl0,786,1979,Kiss - I Was Made For Lovin' You,0e2b19527d5dd19087ed04e736d39887f9b5bdad91875ace511e22343f757676
Gangnam Style (강남스타일),PSY,Gangnam Style (강남스타일),https://www.youtube.com/watch?v=4AgDYTuZWOw,791,2012,강남스타일 (Gangnam Style),ddd51883fa81cb24c28619b8a31a61d7af48844889b118c8f542ed5bc390d78e
King,Olly Alexander (Years & Years),Communion (Deluxe),https://www.youtube.com/watch?v=UCsrozKOaR4,792,2015,King,b3ff11f128f294f73aebdcd93e0bd9c0a8a9f1c95a4f72482a42ebf03dc97caf
Better Off Alone,Alice Deejay,Who Needs Guitars Anyway?,https://www.youtube.com/watch?v=Lgs9QUtWc3M,794,1999,Alice Deejay - Better Off Alone (Official Video),8af5db256f62b0206b93d139bbbda251ed24380c64389fbe3bd370493e7f2349
Wild Thing,The Troggs,From Nowhere,https://www.youtube.com/watch?v=bLJkrOYHNw8,795,1966,Wild Thing,2189d3b940efbc2e4f0130c46abf3297f5ee8a06100222a0abd95beaaee21ab9
Let's Dance,Chris Montez,The Hits,https://www.youtube.com/watch?v=1LrTInZxmUM,798,1962,Let's Dance,c92032bb54be5c01090c4afb4f9eaabbaff356967cd5c63316f8a8b293d4b4c6
She's Like the Wind (feat. Wendy Fraser),Patrick Swayze,Dirty Dancing: Anniversary Edition,https://www.youtube.com/watch?v=lU9p1WRfA9w,804,1987,Patrick Swayze - She's Like The Wind (Official HD Video) ft. Wendy Fraser,fa8ce106f069739acb2265133eb447de7fa1ef76b71a57626f5d05f32c58326e
I Want to Know What Love Is - 1999 Remaster,Foreigner,Agent Provocateur,https://www.youtube.com/watch?v=r3Pr1_v7hsw,806,1984,Foreigner - I Want To Know What Love Is (Official Music Video),cfdcb570a80b637d11de474d0749df2e7f1bed3735d7c30a07add415a86fd916
Heartbreaker,Dionne Warwick,Heartbreaker,https://www.youtube.com/watch?v=9xHQsMYosao,808,1982,Dionne Warwick - Heartbreaker,eb81f05b68133fc30b0428b955e930be942cfe67490e9ef10d479ca242e65eff
Woman in Love,Barbra Streisand,Guilty,https://www.youtube.com/watch?v=hQLGCX8D-1Y,811,1980,Barbra Streisand - Woman in Love (Official Audio),8f0d9d23a104c725691e3172affb8e812b4f93686a6ba8e47d9c95e500e51966
Barbra Streisand - Radio Edit,Duck Sauce,Barbra Streisand,https://www.youtube.com/watch?v=OW9HP19f_nI,812,2010,Barbra Streisand (Radio Edit),b7acbd07eff3f10f85054793982cfc405c0ff21e021b0aaa4f9b42118a65a6be
Stairway to Heaven - Remaster,Led Zeppelin,Led Zeppelin IV (Deluxe Edition),https://www.youtube.com/watch?v=QkF3oxziUI4,815,1971,Led Zeppelin - Stairway To Heaven (Official Audio),9d86ec43ada421d0a3029ed5a022f204e29caa4fc76644591b5200e1febb5eb3
"Another Brick In The Wall, Pt. 2 - 2011 Remastered Version",Pink Floyd,The Wall (Remastered),https://www.youtube.com/watch?v=HrxX9TBj2zY,816,1979,"Pink Floyd - Another Brick In The Wall, Part Two (Official Music Video)",22b95918b299cb02ba063eca13e4ded764016d4e9f1fec445f81935550a66898
Paratiisi,Rauli Badding Somerjoki,Näin käy rock & roll,https://www.youtube.com/watch?v=BUGDsf7tW0I,1077,1973,Rauli Badding Somerjoki - Paratiisi,58be337a5614591b8d79a30cca6e60f13fc05c28e0a86c64483e8ba168150d03
Livin' On A Prayer,Bon Jovi,Slippery When Wet,https://www.youtube.com/watch?v=lDK9QqIzhwk,825,1986,Bon Jovi - Livin' On A Prayer,6a82e41cafdb4ac32fd7635c333b58711a1c9bbe15d20bf744feda4fd7ab2f0a
Maria Maria (feat. The Product G&B),Santana,Supernatural (Remastered),https://www.youtube.com/watch?v=nPLV7lGbmT4,829,1999,Santana - Maria Maria (Official Video) ft. The Product G&B,c7b1ac35d43943925ad6327cefcb892b7a3a8e01bdc43654ea9dcfe68219db9f
Banana Boat (Day-O),Harry Belafonte,Calypso,https://www.youtube.com/watch?v=DYYkJ0kwNss,833,1956,Banana Boat (Day-O),e7ae83fb2045a54b67a6596b923c1b1046e68674cc517909eff5ea69417dd0e6
Fever,Peggy Lee,The Best Of Peggy Lee,https://www.youtube.com/watch?v=JBANWpzsHts,834,1958,Fever,a47ec0f273608b89db1835538553902de69271e13e5e02a6df14ddae273e7838
Jump,Kris Kross,Totally Krossed Out,https://www.youtube.com/watch?v=010KyIQjkTk,841,1992,Kris Kross - Jump (Official Video),c5b50cf765f319fff4a11a7cff0af8bf35211facaeb4d1d61a099584c04bf752
Go West - 2003 Remaster,Pet Shop Boys,PopArt: The Hits,https://www.youtube.com/watch?v=LNBjMRvOB5M,842,1993,Pet Shop Boys - Go West (Official Video) [HD REMASTERED],80b85e22a7174fb800003400fdab84f810c02ab185da17231a598af188489c25
TRUE,Spandau Ballet,The Twelve Inch Mixes,https://www.youtube.com/watch?v=TVeSwMMvkP4,852,1983,True,fbc70fe8674be4a912190528d00aa117fc55d8ec533db20d2b55c392710b97c9
Whiskey in the Jar,The Dubliners,The Best Of The Dubliners,https://www.youtube.com/watch?v=L__TrWhq4Uk,856,1967,Whiskey in the Jar,6fb1c3e1c54c1daf523827f8bea40dd2f789f058bb10ee5603d874dd12b50543
We're Not Gonna Take It,Twisted Sister,Stay Hungry,https://www.youtube.com/watch?v=V9AbeALNVkk,857,1984,Twisted Sister - We're Not Gonna Take it (Extended Version) (Official Music Video),71a5d78796416e650c25535184e26d48fd2bcf28c8184e8bc1e5494983516795
Poika saunoo,Poju,Panokset kovenee,https://www.youtube.com/watch?v=y26HhZ-H8to,1146,2011,Poika saunoo,1a5664e08ec637305b1c38c7d3703dcaa127b864d9433ac295c9c7a066d66325
Because You Loved Me,Céline Dion,"Chillout Pop inc. John Legend, Miley Cyrus & John Mayer",https://www.youtube.com/watch?v=fpl4if07ics,862,1996,"Céline Dion - Because You Loved Me (Theme from ""Up Close and Personal"")(Audio)",b8a1b24756ab73fa305a98b328a3521f91ef96be31287fe60016dc30f7a76930
I'll Stand by You,Pretenders,Last of the Independents,https://www.youtube.com/watch?v=nobHZ3nOp38,867,1994,I'll Stand by You,b8f15be7b4de9bfd902ca2b358091b6f7e09982fe912e21390dfa115cd0689f9
Sweet but Psycho,Ava Max,Heaven & Hell,https://www.youtube.com/watch?v=WXBHCQYxwr0,871,2018,Ava Max - Sweet but Psycho [Official Music Video],55bb2faf9d30697da06f65512a729b880ff42bd0ac518b776e22c5b84a068c39
Hetki lyö,Kirka,20 Suosikkia / Varrella virran,https://www.youtube.com/watch?v=SGPtv4HhnRI,1075,1967,Hetki Lyö KIRKA The Islanders,e59339caf444153c00bce613ca2a48caeceecb7e6aef3762b2d59155af8a3586
Pauhaava sydän,Lauri Tähkä & Elonkerjuu,Kirkkahimmat 2000-2008,https://www.youtube.com/watch?v=t2Y2sn2jZM8,1137,2007,Lauri Tähkä & Elonkerjuu - Pauhaava Sydän,74da4bb4c197efbdb1cbb796ce42b9aa63734ba57c6a2dd3aa47f14beea3c1e9
Be Alright,Dean Lewis,Be Alright,https://www.youtube.com/watch?v=I0czvJ_jikg,873,2018,Dean Lewis - Be Alright (Official Video),baef179b4a29baab329f6013909f10d1de4168a6a242e3088c831bf041123cf4
Stereo Hearts (feat. Adam Levine),Gym Class Heroes,The Papercut Chronicles II,https://www.youtube.com/watch?v=T3E9Wjbq44E,874,2011,Gym Class Heroes: Stereo Hearts ft. Adam Levine [OFFICIAL VIDEO],91ce87e8e5c534b10c5f88c1ed7dfc17fb33fae6e508192969ee47fcb1d57540
When Love Takes Over (feat. Kelly Rowland),David Guetta,One More Love,https://www.youtube.com/watch?v=zudbz4hOcbc,876,2009,David Guetta Feat. Kelly Rowland - When Love Takes Over (Official Video),e09288fb736904cd32508d68f4fd41809990d89d4ecc4928bb31bbf46f8948f6
Brimful of Asha,Cornershop,Brimful of Asha,https://www.youtube.com/watch?v=lM7H0ooV_o8,882,1997,Cornershop - Brimful of Asha - Official Music Video (Original) (Tjinder Singh),2c8f893834838b40f772c22ad59c83ddabce05d9448d6377d0ae4fb082249691
We No Speak Americano (Edit),Yolanda Be Cool,We No Speak Americano,https://www.youtube.com/watch?v=7E9Ed9DUQoQ,884,2010,Yolanda Be Cool & DCUP - We No Speak Americano (Official Video),eae26a1034da60e98101594210ac7c80b2112d9057a291a24b3144655673f043
I'm Yours,Jason Mraz,We Sing. We Dance. We Steal Things.,https://www.youtube.com/watch?v=DbHhmn8Pl0k,894,2008,I'm Yours,9bb86a6a2a3fd2ec6a63612e65e9993b14bfcfb72a12a856791c44a909fe24d4
Kids,MGMT,Oracular Spectacular,https://www.youtube.com/watch?v=fe4EK4HSPkI,898,2007,MGMT - Kids (Official HD Video),9b24f855f440d32d3f01cf1bd09f202d4c0c16b2fb921a7bbf23c63857effbe3
What A Man,Linda Lyndell,"The Complete Stax / Volt Soul Singles, Vol. 2: 1968-1971",https://www.youtube.com/watch?v=gQMxuXkqGrA,900,1968,What A Man,ca218d219f58f78f26114bc6b088cfe51182b0637fc1de5093c120e5e02199da
Rappiolla,Hassisen Kone,Täältä Tullaan Venäjä,https://www.youtube.com/watch?v=zvXPg-mAHvA,1083,1980,Rappiolla Hassisen kone,99fd3633e5cf9979cebc7924fc4ea355dea53aa73f09f35ac3b30d6a3e2d8498
Express Yourself,Charles Wright & The Watts 103rd Street Rhythm Band,Express Yourself,https://www.youtube.com/watch?v=8FN8yAFZLDU,901,1970,Express Yourself,c84e7d0ed6f8a95beb57b631d215455d7028ae4ce370364d2cbbf18a923e0749
So Sick,Ne-Yo,In My Own Words,https://www.youtube.com/watch?v=IxszlJppRQI,907,2005,Ne-Yo - So Sick (Official Music Video),857f352a4e91afbfa0cc345889e0dbb2bb86d24898a41fd5f2f3a3a8ee12cef8
Drop It Like It's Hot,Snoop Dogg,R&G (Rhythm & Gangsta): The Masterpiece,https://www.youtube.com/watch?v=GtUVQei3nX4,915,2004,Snoop Dogg - Drop It Like It's Hot (Official Music Video) ft. Pharrell Williams,c1e1d790c02f0d3d4eb49d6cbce908e63670fc066347ddf998aea81876c49828
Get Ur Freak On,Missy Elliott,Miss E... So Addictive,https://www.youtube.com/watch?v=FPoKiGQzbSQ,920,2001,Missy Elliott - Get Ur Freak On [Official Music Video],6cb71d98c296a1cbddd49c32c3d23e36b9c63dc93c37466750b188b0d80143e8
Yeah! (feat. Lil Jon & Ludacris),USHER,Confessions (Expanded Edition),https://www.youtube.com/watch?v=GxBSyx85Kp8,924,2004,"Usher - Yeah! (Official Video) ft. Lil Jon, Ludacris",58d0fb45c9c292e3d80891b7a87f3d62d7ae912c6a278e77ff4bda4b00b81877
Come On Eileen,Dexys Midnight Runners,Too Rye Ay,https://www.youtube.com/watch?v=6BODDyZRF6A,926,1982,"Dexys Midnight Runners, Kevin Rowland - Come On Eileen (1982 Version)",16e3975ea80b1e0fb6a7c9a8382c8eae7370d9041c7030e26da20f833d07ef34
Pretty Girl,Maggie Lindemann,Pretty Girl,https://www.youtube.com/watch?v=WEFJnYMz0Ec,938,2016,Maggie Lindemann - Pretty Girl [Official Music Video],b0edb0522b3b772834afb65b17bd8fc2e43506ea3285924d839a6d4baf32ab56
Bubbly,Colbie Caillat,Coco,https://www.youtube.com/watch?v=AWGqoCNbsvM,965,2007,Colbie Caillat - Bubbly (Official Music Video),327cbde52eb2b0e475f35afd711e9b57a618c26b1f633cccd53445e406c07bbe
Every Time You Go Away - Radio Edit,Paul Young,From Time To Time - The Singles Collection,https://www.youtube.com/watch?v=p3tH4Ksu50o,967,1985,Every Time You Go Away (Radio Edit),5d08229f4a605110b33fcb7a5109d6039e49c662665b953bcc77f10cd258f555
Let Her Go,Passenger,All The Little Lights,https://www.youtube.com/watch?v=RBumgq5yVrA,974,2012,Passenger | Let Her Go (Official Video),a254fecd6c572c86dbde5b6560cf720c11e38f07ad0fd366b108a432b1ac4ed9
Safe And Sound,Capital Cities,In A Tidal Wave Of Mystery (Deluxe Edition),https://www.youtube.com/watch?v=47dtFZ8CFo8,975,2011,Capital Cities - Safe And Sound,94b023d533ddb05220af5ca7dee508b69d633241c9a619a4d080920b67bedab1
Centuries,Fall Out Boy,American Beauty/American Psycho,https://www.youtube.com/watch?v=dfk6i41GCNo,976,2014,Centuries,44640047345e29b7d80d4ccc06ebdce045003a4e899d13f47d83a6edfbe0f157
High Hopes,Panic! At The Disco,Pray for the Wicked,https://www.youtube.com/watch?v=IPXIgEAGe4U,982,2018,Panic! At The Disco - High Hopes (Official Video),79da9356a5cabf8821b17ae744d8819268bc46f12896808226f3ec74bdff6a55
Toy Soldiers,Martika,Martika (Expanded Edition),https://www.youtube.com/watch?v=b3v6dVDXtp0,988,1988,Toy Soldiers,c8bc2f41536f962fed717bbb86a66f597ef0ef773548ffc163ca056798d54774
Kiss from a Rose,Seal,Seal,https://www.youtube.com/watch?v=vx-Lzo9NxAQ,1003,1994,Kiss from a Rose,274bde7d6e352ac45a60fcffccf27c2415817d69c57ce777d8b182e6e6d2d6cb
"Non, je ne regrette rien",Édith Piaf,Eternelle,https://www.youtube.com/watch?v=i4hTBhClt6M,1015,1960,"Non, je ne regrette rien",7179b14e24a6c20ab144a231229020048463a88c8fc448b86fdb1b46bc09d49d
What a Difference a Day Makes,Dinah Washington,Dinah Washington - The Great American Songbook,https://www.youtube.com/watch?v=upJ3OgMRiUA,1017,1959,What A Difference A Day Makes,56ae92db7957277075736a336f1a03ae0c0cfa07dd228330120e161a34972314
Good Feeling,Flo Rida,Wild Ones,https://www.youtube.com/watch?v=3OnnDqH6Wj8,780,2011,Flo Rida - Good Feeling [Official Video],8b6198feff0ea96e68e207d823e98fb1b9d4a85f5584cb847df1495c04de51b5
Summer Of '69,Bryan Adams,Reckless (30th Anniversary / Deluxe Edition),https://www.youtube.com/watch?v=eFjjO_lhf9c,863,1984,Bryan Adams - Summer Of '69 (Official Music Video),b4933bb43edb81d6376463fa52bff075944f138a57b6d1b778061b3712d58945
"What Is Love - 7"" Mix",Haddaway,What Is Love (Remixes),https://www.youtube.com/watch?v=HEXWRTEbj1I,887,1993,Haddaway - What Is Love [Official],b0a3cf4a534f94b2790325b821ea8a75b6d6be1513bd48a69006ceb5dc837824
Don't Let Me Down - Remastered 2009,The Beatles,The Beatles 1967 - 1970 (Remastered),https://www.youtube.com/watch?v=EyHKuyGsu4U,1020,1969,Don't Let Me Down (Remastered 2009),640b4a786a7052877fd379d11c07831423440a10c3b1c7691a2d1483a8c18e41
Bad Habits,Ed Sheeran,=,https://www.youtube.com/watch?v=orJSJGHjBLI,1021,2021,Ed Sheeran - Bad Habits [Official Video],49078c9dd298132c84c871535fa6c38cf228847b4ddd1ff6c0605da37e8438ac
Cold Heart - PNAU Remix,Elton John,Cold Heart (PNAU Remix),https://www.youtube.com/watch?v=qod03PVTLqk,1022,2021,"Elton John, Dua Lipa - Cold Heart (PNAU Remix) (Official Video)",45e7cc7725f5ca684e24342932476633837d7b29f9e102624baf6e9d5c16c1d8
As It Was,Harry Styles,Harry's House,https://www.youtube.com/watch?v=H5v3kku4y6Q,1023,2022,Harry Styles - As It Was (Official Video),ec2ef492687f389353eb8738a7ff1023c6eba030c1e5560e21f60bb5ba2d54ff
Running Up That Hill (A Deal With God),Kate Bush,Hounds Of Love,https://www.youtube.com/watch?v=wp43OdtAAkM,1024,1985,Kate Bush - Running Up That Hill - Official Music Video,16c1d52a95fed5852e95580470e7b53b673587b48e6a96fdeb3742788b689f91
First Class,Jack Harlow,Come Home The Kids Miss You,https://www.youtube.com/watch?v=yQBImEeXNZ4,1026,2022,Jack Harlow - First Class [Official Music Video],82f6beeb87086562fafe94b657859f9bac4439d191ba12ebf103b87e4bb6adf1
rockstar (feat. 21 Savage),Post Malone,beerbongs & bentleys,https://www.youtube.com/watch?v=AaxFIY-cWH0,551,2017,rockstar,74bd1a90b364615c6853eb7f32d611304373fa70a60589e4babd2b74e1d19efe
Mercedes Benz,Janis Joplin,Pearl (Legacy Edition),https://www.youtube.com/watch?v=-H7YULkiLIA,555,1971,Mercedes Benz,15a9e0ec7eed6e4dece150cfbc6e7e9bb21f226c98bdf89e061c1c88f012a122
Aicha,Outlandish,Bread & Barrels Of Water (International Version),https://www.youtube.com/watch?v=f0nFTdKlKLw,562,2002,Outlandish - Aicha (Video),9acea03e3655cf235b55761469c7bf492e347a688d5fcffb9587511723275863
I'm Outta Love,Anastacia,Not That Kind,https://www.youtube.com/watch?v=TnOy6HEf7HU,579,2000,Anastacia - I'm Outta Love (PCM Stereo),858c23f5068137185d5756d520138e7869f602e7aeb8d527c46769d6bdc63b19
One Of Us,Joan Osborne,Relish,https://www.youtube.com/watch?v=aDdOnl0bHO4,601,1995,Joan Osborne - One Of Us,7356b9ecff596925f132b9571277ad06bbb04d63c52a92cfdd350731635c3afa
Kids In America,Kim Wilde,Kim Wilde,https://www.youtube.com/watch?v=8BYKpQ_6GbM,610,1981,Kim Wilde - Kids In America (1981) • TopPop,17f9cb530c41311dcd5ec93436d4ff981d3d448e629f6db7076f754fb25363db
Pure Shores,All Saints,Saints & Sinners,https://www.youtube.com/watch?v=dVNdTXEJv1A,622,2000,All Saints - Pure Shores (Official Music Video),f780906f51600268cd2409e7ff2a1b84d8fb98ed68fdadeb03206eb322ec5073
Rockstar,Nickelback,All the Right Reasons (Walmart Exclusive Edition),https://www.youtube.com/watch?v=DmeUuoxyt_E,639,2005,Nickelback - Rockstar [OFFICIAL VIDEO],dc89b354cbdcc88f7537f3f20ae2bdec1bf79c205c37c301c67e275b7ae6dfce
Bang Bang (My Baby Shot Me Down),Nancy Sinatra,How Does That Grab You?,https://www.youtube.com/watch?v=7FNse1n7pSs,665,1966,NANCY SINATRA      * bang-bang (my baby shot me down) -1967,d5ffd53a483a56193e6a909e63b06b659a2e5e2efb94b382e2ae66db6d9f7643
Dressed For Success,Roxette,Look Sharp! (Extended Version),https://www.youtube.com/watch?v=kkxj5xVLyj0,686,1988,Roxette - Dressed For Success,a59b972d33e4a7ec90b66976498b82ce28273eca98b8e431da5689900a93475d
Hang with Me,Robyn,"Body Talk, Pt.2",https://www.youtube.com/watch?v=-3a2qoyONVA,690,2010,Robyn - Hang with Me,28e30a8777aa46059efe9a998a7fc37007c520a1e31a7d7352127f9462322c26
Don't Worry Be Happy,Bobby McFerrin,The Collection,https://www.youtube.com/watch?v=d-diB65scQU,761,1988,Bobby McFerrin - Don't Worry Be Happy (Official Music Video),23948e410c68acc550e89b72cfa32fea906196ae265857a1cd5421f0b06dac4e
Party Rock Anthem,LMFAO,Sorry For Party Rocking,https://www.youtube.com/watch?v=KQ6zr6kCPj8,781,2011,"LMFAO - Party Rock Anthem ft. Lauren Bennett, GoonRock",c8dded02d5b5e2c93db26e2f2afdf3f97ca396d0d5f94d46fe5d9689260c10b1
Eternal Flame,The Bangles,The Essential Bangles,https://www.youtube.com/watch?v=PSoOFn3wQV4,800,1988,The Bangles - Eternal Flame (Official Video),fb0397fb217a50a55b9e5c45a1272de947c53ad9f0819709179b85c9908cf080
Rhythm Of The Night,DeBarge,Rhythm Of The Night,https://www.youtube.com/watch?v=cAQSZhazYk8,860,1985,DeBarge - Rhythm Of The Night (Official Music Video),57cfb502888de5a3c68a2cc4b65559060055769ae1299b964d223f94459bc2a5
The Rockafeller Skank,Fatboy Slim,You've Come a Long Way Baby (10th Anniversary Edition),https://www.youtube.com/watch?v=wD6jCMn5nq0,864,1998,The Rockafeller Skank,8588655cde4b95ed20327ba759d8a5ab42337a3da6c7675181e83cf1aad0df99
Stay With Me,Sam Smith,In The Lonely Hour,https://www.youtube.com/watch?v=pB-5XG-DbAA,869,2014,Sam Smith - Stay With Me (Official Music Video),cd82f23606de4d870c47d23eb9ad0c5e2141b4cd5add40f9e0edb85282da761e
Sata salamaa,Virve Rosti,Sata salamaa,https://www.youtube.com/watch?v=oQHtS27iXBU,1097,1987,Sata salamaa,9163e72c66c38a23a3b2d45e4fcffa97b69883a5b59e5f891f4e4bd5bf0bce76
Move Your Feet,Junior Senior,D-D-Don't Don't Stop the Beat,https://www.youtube.com/watch?v=SPlQpGeTbIE,893,2002,"Junior Senior - Move Your Feet (Official music video, HD)",9e3f5820bf2f4704a3a1b8dc1620dbb227dab233537958a6a7e4189ba996ff7a
Ayo Technology,Milow,Acoustic Dance Sessions,https://www.youtube.com/watch?v=DE9IchvpOPk,933,2008,Milow - Ayo Technology (Official Music Video),f0b7fd7d37d233cbe27eeb07fdc2d0dc9b17712d72a02ffae3e9334216deaed7
Lean On (feat. MØ & DJ Snake),Major Lazer,Peace Is The Mission : Extended,https://www.youtube.com/watch?v=YqeW9_5kURI,936,2015,Major Lazer & DJ Snake - Lean On (feat. MØ) (Official Music Video),95d85c5dead05d83310355d0e89036955a212ec6b9c870b6106bd690b8f777ef
death bed (coffee for your head),Powfu,death bed (coffee for your head),https://www.youtube.com/watch?v=icFFXtYckAI,937,2019,Powfu - death bed (8D AUDIO) ft. beabadoobee | coffee for your head,64d928d432447a2fa0d0dfe9a9bb52d33b9c6841e5bc4b252cae1fb30f538941
California Love - Original Version,2Pac,Greatest Hits,https://www.youtube.com/watch?v=joS_nT9LvRc,1027,1995,2Pac - California Love (Original Version) (Feat. Dr. Dre & Roger Troutman),85cb224d17f39ea347e15d4d31541f77af39bbb19960462d65ccf12e7603f349
The Final Countdown,Europe,The Final Countdown (Expanded Edition),https://www.youtube.com/watch?v=9jK-NcRmVcw,1028,1986,Europe - The Final Countdown (Official Video),2c2227f5b80511b142c2f90f787a6f0316e3d135af5465895fe6dfefe85dd280
Beds Are Burning - Remastered,Midnight Oil,Diesel And Dust,https://www.youtube.com/watch?v=ejorQVy3m8E,1030,1987,Midnight Oil - Beds Are Burning,291304ea331cf8f3df3a4a68c12ca5847b9f76c9d9400a2b8f6b85d253baafd2
Post Malone (feat. RANI),Sam Feldt,Magnets EP,https://www.youtube.com/watch?v=TewoJFN61mI,1032,2019,Sam Feldt - Post Malone (feat. RANI) [Official Music Video],1b9b42f8822a052f98a32713a790bd5662f48beafe3a2343a97327fb2a6ce0ee
Renegades,X Ambassadors,VHS,https://www.youtube.com/watch?v=8j741TUIET0,637,2015,X Ambassadors - Renegades (Lyric Video),d6ee558439ce6fb49d74052e86a4cd3e7bffce3c454b0a9ec7965c3d39e706fd
Wake Me Up,Avicii,TRUE,https://www.youtube.com/watch?v=IcrbM1l_BoI,430,2013,Avicii - Wake Me Up (Official Video),907a75c1078b47eed476420d40cfafc733d2ac62c088a73f60b8ab4cdbc6fae2
I'm Coming Out,Diana Ross,Diana,https://www.youtube.com/watch?v=E2muOFNlvVk,479,1980,I'm Coming Out,fb7213a1011e562ff6399a1a77b64853fe57fbea0871e8e199ef12fc546dd955
Anti-Hero,Taylor Swift,Midnights,https://www.youtube.com/watch?v=b1kbLwvqugk,1167,2022,Taylor Swift - Anti-Hero (Official Music Video),988dd63c343d9cb283d1f55a4054db69e6ad1675829d95aadc8e458f73307898
Ooh Aah...Just a Little Bit - Motiv8 Radio Edit,Gina G,Fresh,https://www.youtube.com/watch?v=MRGN8IkeGUg,750,1996,Ooh Aah... Just a Little Bit (Motiv8 Radio Edit),5d8155070e6da95ca44bea1d85d157c3291ed2dde0d613002a97549b37090556
Breakfast At Tiffany's,Deep Blue Something,11th Song,https://www.youtube.com/watch?v=1ClCpfeIELw,571,1993,Deep Blue Something - Breakfast At Tiffany's (Official Music Video),e229f891959f56efc8f5b49ea1ee47658fc6f1447b1a901714c504f7229fad1c
"Sing, Sing, Sing",Benny Goodman,The Essential Benny Goodman,https://www.youtube.com/watch?v=1F-RQd5ZRAk,2,1937,"Sing, Sing, Sing",9946b2ae240288453c9705b3b7c3cef2b9cde571f15034250e9ac565378e8f8c
Great Balls of Fire,Jerry Lee Lewis,The Essential Jerry Lee Lewis [The Sun Sessions],https://www.youtube.com/watch?v=83fQJnI6EZY,830,1957,Great Balls Of Fire,cafa32865793ac4c95c24dfdd2c7f17a650590431303e979a0d84a707f180177
