Card#,Artist,Title,Year,URL,Youtube-Title,Hashed Info
1,Billy Joel,Uptown Girl,1983,https://www.youtube.com/watch?v=H6M0EulApMM,Uptown Girl,d4f64fa1274940c1b2f011c5e310d3933196a8cdec3c3376b5fad93aaaad12f7
2,Scatman John,Scatman (Ski-Ba-Bop-Ba-Dop-Bop),1995,https://www.youtube.com/watch?v=VnULE-d14TA,Scatman (Ski-Ba-Bop-Ba-Dop-Bop),c8bdac5b91c454dbf1c03563961c1bb26009f8ad2df9afde3b4a49bbeb26b316
3,The B-52's,Love Shack,1989,https://www.youtube.com/watch?v=7puAydZ5Fbo,Love Shack (Edit) (2019 Remaster),a4df4ee10c222b19b526cc62bc94ed4100cb73f9dbf5712e6b659ae69f167797
4,Omega,Nem tudom a neved,1974,https://www.youtube.com/watch?v=X-cEwyJ0ULc,Nem tudom a neved,24da241292e2f2423d968130edd6ace409b168aa301c74ff14812e47bc65eb12
5,Black Eyed Peas and J Balvin,Ritmo,2019,https://www.youtube.com/watch?v=nKGJ_7WBREU,RITMO (Bad Boys For Life),837cc4a77675cf919f3ee3c3bf8b36875b6fa9d591f4dde58703da493191468c
6,Imagine Dragons,Believer,2017,https://www.youtube.com/watch?v=doTaxdlF9Zs,Believer,8fcc2c6209867dd25483f40989ff94243bd09efb8ad4dfaf66672a379f052780
7,The Killers,Human,2008,https://www.youtube.com/watch?v=bRXTMuH2WVc,Human,62d597282b0e3049646eeaef9b55cf75ae017562c54c6997d907c002e4eb37b9
8,Soho Party,Az éjjel soha nem érhet véget,1998,https://www.youtube.com/watch?v=x5r5wyxVVv4,Az Éjjel Soha Nem Ér Véget,f6b72494d67838a8a8caa49c02f2006f62a479b77339332c8797b47579e2f615
9,Britney Spears,Baby One More Time,1998,https://www.youtube.com/watch?v=fEfvTTJNeAY,... Baby One More Time,21f6575099eda81555a4c6d50b804032231b81350c4098e78b88c97e71996f59
10,KFT,Afrika,1984,https://www.youtube.com/watch?v=Sl2Gr_rMVWw,Afrika,24d29cb41b2bbea1d5eecdf5be2e85a503c4d14223e260f54969245e195b2d9a
11,Máté Péter,Egy darabot a szívemből,1979,https://www.youtube.com/watch?v=CSlP38uGQ4g,Egy darabot a szívemből,8d7d011adefeb2ce1093c7820f3cc925d5d9f7274b70e8f38df2d3b3b74a717a
12,Carpe Diem,Álomhajó,1997,https://www.youtube.com/watch?v=pJjwLnuxAEg,Álomhajó,ef08ca994509c6adaf99094e1da7715be8149996c0dcd8dd6f1ee1bb6778e608
13,Robin S.,Show Me Love,1992,https://www.youtube.com/watch?v=LWDQxZE4dBs,Show Me Love (Extended Mix),cf70d14524c2b64f6eb87f70514cf6f0873e040197ff58cb103dcd7dcf3aa3e0
14,Inner Circle,Sweat (A La La La La Song),1992,https://www.youtube.com/watch?v=AdIer7rKyq0,Sweat (A La La La La Long),c090f52e4a3d1e4d5a73e1ee3e45907b4a14e731b0a0d8b220f063a6bbbf02a0
15,United,Hófehér jaguár,1999,https://www.youtube.com/watch?v=v6Z5HzbMC2Q,Hófehér Jaguár (Radio Edit),4216844037af0c9671b273a6c6bf8847298b83eb9ef090e3bdf87907f5624b25
16,David Guetta & Sia,Titanium,2011,https://www.youtube.com/watch?v=UG_pMlxnGFw,Titanium (feat. Sia),188525fa64de36a90efba513c3e4d52053b50502a639b785e233f3f92cca9a9b
17,Pokolgép,Adj új erőt,1991,https://www.youtube.com/watch?v=fKMZctAxwWA,Pokolgép - Adj új erőt,680dc88372ee747f4ec613d4ad6b0aa3ccdee778826f50bb1ed94fb2bee1b676
18,Mr. President,Coco Jamboo,1996,https://www.youtube.com/watch?v=_Jl-QpJNKiQ,Coco Jamboo,2fe9c44cdffc2283e6b7cf82e64cec92a6cc71cd5c0cc54ed9d1b1681232acc8
19,Ava Max,Kings & Queens,2020,https://www.youtube.com/watch?v=Gy_ExjhjA-4,Kings & Queens,89affe221c169bb4cc5497b898fa16390c006d9298858ac0abb18846b7817651
20,Stealers Wheel,Stuck in the Middle with You,1973,https://www.youtube.com/watch?v=ln7Vn_WKkWU,Stuck In The Middle With You,cbc87da8c637a6500cba50ae689a9a0d479efc9ce263a865e6dd49b7a0dcc408
21,The Weeknd,Save Your Tears,2019,https://www.youtube.com/watch?v=RmYCOm4ehKs,Save Your Tears,e3aeaffe018fcbe946f19714f3be892dd605b130f1e3ee01430416d4198d2971
22,Shawn Mendes,There's Nothing Holding Me Back,2017,https://www.youtube.com/watch?v=Ztdc7TcPdAA,There's Nothing Holdin' Me Back,b91385c1a2d94f63995a38e542a632e43dadf404e1f03f8110971ad7dd956bc6
23,Vincze Viktória,Hány éjjel vártam,1974,https://www.youtube.com/watch?v=ES95TXXStPg,Hány éjjel vártam,20725d735eb025c0ab714add033bddf1e35415dfadc95ce57bf255588779c210
24,Felső Tízezer,Süllyedő hajó,2015,https://www.youtube.com/watch?v=2tT2tE0CSv4,Süllyedő hajó,facc85be726cbe644846fb7ce3433960ae35beb1f8c5296d32a5319062ff9a0c
25,N-Sync,"Bye, Bye, Bye",2000,https://www.youtube.com/watch?v=VsUrajziFRc,Bye Bye Bye,9399724b1853c727b195925f0efb1d99673022bbef47b9dbe7d6a8dcdfa48c7d
26,Kylie Minogue,Can't Get You Out Of My Head,2001,https://www.youtube.com/watch?v=uYANAvwvPBg,Can't Get You out of My Head,3cf02445ac2cbf907ac0bd7c2ab895856019b696137994a77eb95642b8cfaaf7
27,Bagossy Brothers,Olyan Ő,2019,https://www.youtube.com/watch?v=cNQOeTxp6us,Olyan Ő,ccac349a9f1d53ba10400c28d60cfe73b6a9a12b209db04f786a237ca78c9ac6
28,Beatrice,8 óra munka,1990,https://www.youtube.com/watch?v=PzuDJXP1Too,8 óra munka,381b3eb62907109df65c749f9c77f3f35d30436064cd85bfccb80632180f35d2
29,Kesha,TiK ToK,2009,https://www.youtube.com/watch?v=u5uSlUKBEDc,TiK ToK,58c8bbbe84e5268681b46c63a53163a11ee11705d1cf244f4a6f377cef3a2db3
30,Mike Oldfield,Moonlight Shadow,1983,https://www.youtube.com/watch?v=9uYF95jR_ME,Moonlight Shadow (Remastered 2013),f0760e0c9f3afc8f5ba22fb65dbeba35a59c693205ecd62bcf5003d2a9d7c4f3
31,Anti Fitness Club,Mennyország,2012,https://www.youtube.com/watch?v=mXjDQzTe7LE,Mennyország,75c04be0a5f892ab4652445631cbf92d6e20c14dad1131a06887a27cfae8dc5e
32,Ihász Gábor,Elszáll a gondom,1977,https://www.youtube.com/watch?v=FQAKdInhEhg,Ihász Gábor: Elszáll a gondom,268a8b1d47376a032d903dda8afa4566739c0dceaac81acdc8272ac4f84ef3f1
33,Midnight Oil,Beds Are Burning,1987,https://www.youtube.com/watch?v=zNW2XkvaL6U,Beds Are Burning (Remastered),39f763cb84d4aa8ba42b247f4ccabe2c4f7c13c9c58a4000624885b85429b2ad
34,Bonnie Tyler,Total Eclipse Of The Heart,1983,https://www.youtube.com/watch?v=fSeFxzeo5Ts,Total Eclipse of the Heart,1fa3c5b59249e36c55564f5ba206e28ede61eaa751dafb424d37872fe8c4ebbe
35,Neoton Família,Kétszázhúsz felett,1981,https://www.youtube.com/watch?v=7fzGqMhvF2E,Kétszázhúsz felett,afc7be89e6306678cb6f918221faf1a7d02e590eed2242de675e579a91ba9253
36,Beatrice,"Azok a boldog, szép napok",1988,https://www.youtube.com/watch?v=ryaePVNhb-U,"Azok a boldog, szép napok",51014bd2182f42d2240c8ec2473db68160aecf5483aa31bb802d46ed1ee8201f
37,UFO,Szerelemdoktor,1996,https://www.youtube.com/watch?v=ozjpolYtKJ0,Szerelemdoktor,d1934e15b581c2adb3065098bcb3b16c175c3e70b87aec262f7f66cc66aacdc3
38,Robert Palmer,Simple Irresistible,1988,https://www.youtube.com/watch?v=arrDCLdMqvg,Simply Irresistible,19dd7d79150f1eb1d0857bc75cce584fb2b38f4577bd158aa7c7b6c023544689
39,Carl Douglas,Kung Fu Fighting,1974,https://www.youtube.com/watch?v=it3E6vtExSE,Kung Fu Fighting,6d6b6daf56eed0a1d28aa3bc4e8dd7d97495731edc3f96b7a1be0694fbfe9f00
40,Follow The Flow,Tavasz,2021,https://www.youtube.com/watch?v=IDunlA6T8qk,Tavasz,fad02a9ec51f91d117d67e8131b9b4f22209487886f512526cd570be707ffef3
41,Smash Mouth,All Star,1999,https://www.youtube.com/watch?v=8ay_BkRuv-o,All Star,8c9bb0801d20637de51384babc670fd2dd6cf10bc6166a98fa85e17b750ff4b3
42,Császár Előd,Tiltott szerelem,1996,https://www.youtube.com/watch?v=ZZ2kPES2ij8,Tiltott szerelem (Original Mix),c82b17a44518614b64dbd9f1a698f193b9c1ff870b8f34985387cc75a1baa5a9
43,Bikini,Közeli helyeken,1989,https://www.youtube.com/watch?v=jsg9hNOYdf0,Közeli helyeken,28435a96fd88da839f323bc04fe20c7f2d3cb55121ab4a40218a55077b628122
44,Daddy Yankee,Gasolina,2004,https://www.youtube.com/watch?v=GJP9ZTsgxJs,Daddy Yankee - Gasolina,22a487a0979f925f4ca09bbd3dd219d4b4acde83dc28999479202c4eb70cd3e0
45,Baccara,"Yes Sir, I Can Boogie",1977,https://www.youtube.com/watch?v=cakuOGmna7I,"Yes Sir, I Can Boogie",c5d138a42a7dab9fb35c3ddf59516a94f03df2a460bf48d00bc2a4b15902f19f
46,Taio Cruz,Dynamite,2010,https://www.youtube.com/watch?v=3MrY_BwLChk,Dynamite,a2b8481d052de6d691644b76ec57b0d8f7b72097c86254d95dfdf8e1dc4e80ca
47,Depeche Mode,Just Can't Get Enough,1981,https://www.youtube.com/watch?v=jON3_RHKSls,Just Can't Get Enough,88c59c1f949d6384e4de9279ae67463524dade8bd5f5130a59187a94e566407c
48,Baby Gabi & Lányi Lala,Őrült szerelem,2003,https://www.youtube.com/watch?v=_cgrXLluy_E,Őrült szerelem,4b7a753f5e777e3c5148b6efcec649adbd042aece166c6cddebc66181225de63
49,4F Club,Balatoni láz,1996,https://www.youtube.com/watch?v=Frk6jM3Rgcs,Balatoni láz,fcb733bc9f986f21050e93e099903e9b24e76361da7bd84e3853aa31a361f7ad
50,Caramel,Lélekdonor,2010,https://www.youtube.com/watch?v=cGvTIA3Jbs4,Lélekdonor,8640ba844d1c83b82e91afec666392c3a7dfc24213a2d2132432e61fc8743b15
51,Ben E. King,Stand By Me,1961,https://www.youtube.com/watch?v=eJ4i-QbXG54,Stand By Me,1ce2935b1df56e7a2a22ee8bc365b9039e9ce480ed5f409b5008ac16e8e610f3
52,ByeAlex és a Slepp,Így hagysz el,2020,https://www.youtube.com/watch?v=5fbr0_3qdMw,Így hagysz el,80f21971a116203ea22ade14e6341143f363f427a7e3db34bc75ee6749848d2d
53,Iggy Azalea feat. Charli XCX,Fancy,2014,https://www.youtube.com/watch?v=e--gtapgvmc,Fancy,13bf92262879707b676e2933efbda9c9cb33006ddbf7be4ab12e5d0a93001024
54,Harold Faltermeyer,Axel F,1985,https://www.youtube.com/watch?v=O7CaEWR_Kdk,Axel F,89e347b1d51c5c786d9717b9ef2bfe7b211dca1982f7cab8b9f3c45bba6b4fe7
55,Gloria Gaynor,I Will Survive,1978,https://www.youtube.com/watch?v=FHhZPp08s74,I Will Survive,eddb2a3378649fa90796322082a54cd47c60068f3fe2666a26427c423c1005d6
56,Lady Gaga,Bad Romance,2009,https://www.youtube.com/watch?v=QdaG6pDOz5A,Bad Romance,33de356fb967218788bda14667357cf1aa8530f865032295ddd348603a5bef67
57,TNT,Kicsi gesztenye,2001,https://www.youtube.com/watch?v=4oaBYB1Qr4M,Kicsi gesztenye (Radio Edit),7b178a1948355ff51cfe313a0169be20fa1d335f02d5d6fd9a1119f43e9aa1bf
58,Justin Timberlake,I Can't Stop The Feeling,2016,https://www.youtube.com/watch?v=6p3E7OMw52g,"CAN'T STOP THE FEELING! (from DreamWorks Animation's ""TROLLS"")",adee522ebe0c16f27f9fe3bfff5b1c8adbad6cdc7e2fc318cb34d2bf1e068168
59,Nox,Százszor ölelj még,2003,https://www.youtube.com/watch?v=ctY9PLx0NgA,Százszor ölelj Még!,86603e80b0161ec58f73b70acae9d978a5cd32e52a5b768af420be487269dc30
60,Luis Fonsi & Daddy Yankee,Despacito,2017,https://www.youtube.com/watch?v=FXovf5dsRTw,Despacito,b3927b47d207e2008747901bec1c654586489bdfc3c74fac034595ac2caed91f
61,Dolly Parton,9 to 5,1980,https://www.youtube.com/watch?v=E4OzdyxbOuU,9 to 5,41eeafb9f7abc7c2066fb5a1178959654ed3c54cb106b2e89320ea50a8f17eee
62,Color,Fényes kövek,1977,https://www.youtube.com/watch?v=LXoIDV6bXmU,Fényes kövek,080856d263b05484a28cb3441deaa173b16ba8538f5de49f91c34c67e9012b77
63,Cutting Crew,(I Just) Died In Your Arms,1986,https://www.youtube.com/watch?v=2wf-MNzSbpA,[I Just] Died In Your Arms,b656aa238deecb6a2177d12e837fd37a997353f40fd69a2ae87981df0b044972
64,Edda Művek,A kör,1985,https://www.youtube.com/watch?v=dkV3DLCQnMw,A kör,9e59fdab1a46c9b41c9a77dc684153c6ef2d21b01100cb21a2868e7a7376fcf5
65,J Balvin and Willy William,Mi Gente,2017,https://www.youtube.com/watch?v=uFuAHzHOGYQ,Mi Gente,a02896fb1232be5fe7d651846bd294e1224d0ae76a685e17c27c445577534d6b
66,Kelemen Kabátban,Nyári Dallam,2013,https://www.youtube.com/watch?v=x_BVrq9baRY,Nyári Dallam,b312d8d4da86e31db2934fc9c836ba836485edbb2d032627dcad7cd705300084
67,Greenday,American Idiot,2004,https://www.youtube.com/watch?v=VyV54YwPAkk,American Idiot,3f32cda774342f7071bb9cd5a42149198ac23ad4d8f3f6dce6e1e238bc22efed
68,Backstreet Boys,Everybody (Backstreet's Back),1997,https://www.youtube.com/watch?v=J47YIH1XCGE,Everybody (Backstreet's Back) (Radio Edit),11b7cacaf270f00004e05e8dc97006cb350f0c26c790c3b569adbe638012135f
69,Evanescence,Bring Me To Life,2003,https://www.youtube.com/watch?v=-eGM0IJc70Y,Bring Me To Life,14252e4d779f36b4cf722129cd9937b8e4b39f820a8df6588b63f1b7f1e6b91e
70,Belinda Carlisle,Heaven is a Place on Earth,1987,https://www.youtube.com/watch?v=8Va1IendJsA,Heaven Is a Place on Earth,3ac9bc9ba654bb55f9f13e7e55b119439146805c90bbabe3b02f963373a01635
71,Taylor Swift,Shake It Off,2014,https://www.youtube.com/watch?v=H59xVMF4zxE,Shake It Off (Taylor's Version),869ad99f4162833e2bd24d0a7ef239c53eb007f880cffbbdcb195df877c371d8
72,Nicki Minaj feat. Ariana Grande & Jessie J,Bang Bang,2014,https://www.youtube.com/watch?v=4bMhBtPZtv4,Bang Bang,26d4fd5e0e527bd63415fccead6aa21be54af8498a2ce0333fa76295290faf4e
73,Zoltán Erika,Szerelemre születtem,1987,https://www.youtube.com/watch?v=WHZKxd7NW3s,Szerelemre születtem,4e5ad962c004b135803b77bee1cfce32069944313ed8d6d156796d6ec7190a43
74,T. Rex,Bang A Gong (Get It On),1971,https://www.youtube.com/watch?v=cp1m4B3HRhg,Get It On,2bdf84d3ac9be44a179369c9ecaf84e84f216078ce3438415438266aa51110b3
75,Szandi,Tinédzser l'amour,1991,https://www.youtube.com/watch?v=bgG_vfEvHUo,Tinédzser l'amour,bb72ab0f9aad4879620c288e9d4193e0ee9f8157c2378c7ce9c18f35ffa66322
76,Elvis Presley,It's Now or Never,1960,https://www.youtube.com/watch?v=rgsKm8Ib8No,It's Now or Never,d19c65be2555dbfd71427fa41d73ad37314f714b9f0a8ea543e7b35a3ae66af2
77,Konyha,Földrevaló,2020,https://www.youtube.com/watch?v=u8huBYEwmtw,Földrevaló (Julinak),a3977c1924ff6d6919750960944e8eea87f2bd580f7a52a6cdfae17aaedca8bd
78,The Corrs,What Can I Do?,1998,https://www.youtube.com/watch?v=RibtqL3Y0Cg,What Can I Do,d620682eece907f329432d46713c78b5fd34fb4e1b4684f423deeea86572d1d6
79,Napoleon Boulevard,Júlia nem akar a földön járni,1987,https://www.youtube.com/watch?v=4ugOe7GXhGE,Júlia nem akar a földön járni,255347d086d7484e709e0a9fc664346f9e9ec198a64d51e99cac2dcc282548bb
80,George Micheal,Faith,1987,https://www.youtube.com/watch?v=ORJKRYao4x8,Faith (Remastered),c581f7d40b817c126a5476c5fadb0561688bab3cb3c36478969164aaf79dc673
81,Komár László,No Miss,1983,https://www.youtube.com/watch?v=CQHRVG7qeCo,No Miss,fc26c84097d06e492bffc15f0f3954f669f77061768aefbfb8bc7997f68dcfc3
82,B.o.B feat. Hayley Williams,Airplanes,2010,https://www.youtube.com/watch?v=pfEZW-1eDl8,Airplanes (feat. Hayley Williams of Paramore),294cb0af0a9a145fb95f87e02654a1dcc33f625c0f7f9810cf3dfd8708c7d0a3
83,Lesley Gore,It's My Party,1963,https://www.youtube.com/watch?v=_NpsUiKBEes,It's My Party,ba144059bbca38d2c3103f6bd26d02a280d1a828527a11b23213a7058fc963a4
84,Aerosmith,Cryin',1993,https://www.youtube.com/watch?v=J8zdiovUSGQ,Cryin',5a80ec470f40bfd13b6ab39a4cab52c929ad22bfec4fe5271ae308a0cf3006da
85,Halott Pénz feat. Hősök,Több türelem,2019,https://www.youtube.com/watch?v=-XhE-e3Xqtg,Több türelem,a4148422eeef29f400d8d4f1c4d2f2ad7d66b6f91b1c60ace1958ac318a387b5
86,Janicsák Veca,Labirintus,2011,https://www.youtube.com/watch?v=ls0q411_wnw,Labirintus,627ce92b8aa149a57d6b29e1f46ce1c4c54a80f1f8e4e22e4bd18dd74651d775
87,Groovehouse,Hajnal,2001,https://www.youtube.com/watch?v=u25VH1SG-WI,Hajnal,4b01f48adfc464107307fc5f3bcae559ae6b7bcd6320307b87167347503d905f
88,Rúzsa Magdolna,Hazatalálsz,2018,https://www.youtube.com/watch?v=n_crxOPvIRU,Hazatalálsz,3d041340f13f537a48d08cd0e2b948f40129d45c2cda606e50277f147270eaa4
89,Zámbó Jimmy,Dalban mondom el,2000,https://www.youtube.com/watch?v=G9ybS43f6uQ,Dalban mondom el,181643499f642140c393abcc4bbce180ace1d3b11b5622e3a4ab5230f2e1e668
90,Simon & Garfunkel,The Sound of Silence,1965,https://www.youtube.com/watch?v=bjkPQYWNTlg,The Sound of Silence (Electric Version),b81418ff33d2a75f2428175b70043ce6ed08f138584ad83df7ad37dfb46d82fe
91,Pa-Dö-Dő,Kiabálj,1990,https://www.youtube.com/watch?v=5BwLFQwWPYc,Kiabálj,6785c5f63208325e471f1edef0bbfb985ecf31f24f3de59a5a7b46c906f5dd4f
92,Loona,Vamos A La Playa,1998,https://www.youtube.com/watch?v=ueF0JPjBUi8,Vamos a la Playa,d13d63a79cd1a2960dc4b07a961101ddec657de8204e0fa8ed15ef160059b9e0
93,Demjén Ferenc,Hogyan tudnék élni nélküled,1993,https://www.youtube.com/watch?v=ryrFbuMqm6Y,Demjén Ferenc - Hogyan tudnék élni nélküled (Official Audio),2e136465e9914f2f6075ab70202a2ff49e7b64a3073e5221a1dc9b82ae166266
94,Edda Művek ,Álmodtam egy világot,1980,https://www.youtube.com/watch?v=XhcQup4bd0w,Álmodtam egy világot,f721d3c0a34f0e7613cf2c73a9ae9b84e05ec7d13788298c6ebaee7495ce9080
95,Emergency House,Dübörög a ház,1997,https://www.youtube.com/watch?v=6dlbNZxniZk,Dübörög a ház,60d411e401559dfe4d49b9bf1b3da188273af551ddc6769f49f8c83019772711
96,The White Stripes,Seven Nation Army,2003,https://www.youtube.com/watch?v=D_QLxj8jCF0,Seven Nation Army,db09311dde531ff7150ed259681db6d8c394da57efb0ad2d79308e1bc2440101
97,Robbie Williams,Rock DJ,2000,https://www.youtube.com/watch?v=ZLyyT9yW9kA,Rock DJ,6f063e7130fb18ca4cca4e1d53d5862bff615ec3464dae02679ec39f3719b2ac
98,Rudimental,These Days,2018,https://www.youtube.com/watch?v=v9I83RpXZ3o,"These Days (feat. Jess Glynne, Macklemore & Dan Caplen)",7a80899606b22cca978ec16c8fb58334c79b0d0bb7cb647cdc9bc707fecae96b
99,Benny Benassi,Satisfaction,2002,https://www.youtube.com/watch?v=HYVWhwkERcQ,Satisfaction (Uk Radio Edit),42b2e68e9fceefc9890cf068891784ee567348b10d96bb9621e687677a5fb7ee
100,Patty Smith,Because the Night,1978,https://www.youtube.com/watch?v=YDJLjRWFJy0,Because the Night,2af41192cf35a7d35b507032a2a022c279b91aafd1478fd08069c5b352f06068
101,Flo Rida,Whistle,2012,https://www.youtube.com/watch?v=6Y24X4oTQLA,Whistle,686362289e89b43321e67a43089122cdc7151b4698af8df842f32256a82fb697
102,Szinetár Dóra,Mindenhol,1991,https://www.youtube.com/watch?v=Ii9IfadKgL4,Mindenhol,5b82406f04af60b5c17fede8c19c9091f7af0d3f1f5f2f26747c9495dec4fbfb
103,Quimby,Ajjajjaj,2009,https://www.youtube.com/watch?v=AHFAZYcBbQk,Ajjajajj,fb2e5fadaef0822b499e3bda6168611682c23e87bbad5fb01a1822f6dbf67231
104,V-Tech,Éjfél után,1998,https://www.youtube.com/watch?v=8o9Cs9Su9Qk,Éjfél Után,960ff2f44c0b36c6f9e91aa0def23e4198d821416613dfe288b842e7e8e9cd54
105,Sonny & Cher,The Beat Goes On,1967,https://www.youtube.com/watch?v=7F6D5hLkOqo,The Beat Goes On (2024 Remaster),6ad2e5bd81af5f43bb7a60db18796af4c2095011fc5304d5739d2b7870c2e020
106,Demjén Ferenc,Szerelem első vérig,1987,https://www.youtube.com/watch?v=1tqKWDTwrHU,Szerelem első vérig,ee7b614889a0bfce31b91443f8ea63622affdd44b054f452e426e5bd466ddf31
107,Bon-Bon,Valami Amerika,2002,https://www.youtube.com/watch?v=m1W0USyGOPA,Valami Amerika,2e2c1b74bb9342c18cfa18b53e328b90d0d1137a041220a1d9d74bbfb1af0b23
108,Madonna,Like a Virgin,1984,https://www.youtube.com/watch?v=j5Y3u2D8kxg,Like a Virgin,a776355e4e569e85762dec4fcb6e5aba798fa6b77b3e59c02ea5cb032035275d
109,Roxette,Sleeping In My Car,1994,https://www.youtube.com/watch?v=UJ6ut9xV4Gs,Sleeping in My Car,ecc47f65b5f78c26f8e87b597759e6a993fc9019e7a95cade494cdc5517fc1a3
110,Christie,Yellow River,1970,https://www.youtube.com/watch?v=KueMOCJFX9A,Yellow River,3baae75d5d9d7cde8561761040cc87e36c98120f878767c29181d7c81c3a0300
111,ABBA,"Money, Money, Money",1976,https://www.youtube.com/watch?v=1LPNuFkteI8,"Money, Money, Money",eb5cc3ba42436fd2d8d0bd2c68d3f42f7414420a337ed3b44073f13cf1ec0f1d
112,Follow The Flow,Szélcsend,2023,https://www.youtube.com/watch?v=tJwPrO3Kcls,Szélcsend,41375978504249fafc20da852be8e4f35dd753c389fa57d12ff05083632c2aa4
113,WellHello,Nem olyan lány,2018,https://www.youtube.com/watch?v=O-uk9Il-BL8,Nem Olyan Lány,d0c6d0c84530a00e78589a21ea8fbfc0d03b0f131885662d071eea95ebd57b62
114,Zalatnay Sarolta,Nem vagyok én apáca,1970,https://www.youtube.com/watch?v=iGfsMOM8mUI,Nem vagyok én apáca,10f0d74e8f5e16a9a801b079045ab5d600c7754e63896496a2bb9a863c2bc237
115,Kungs,Never Going Home,2021,https://www.youtube.com/watch?v=pQSQapdLwJQ,Never Going Home,56462491148bc6d39a39fa77def5da3e9acf5c4e706ee5167b418d302d0d2922
116,Ike & Tina Turner,Nutbush City Limits,1973,https://www.youtube.com/watch?v=DbivX78Degg,Nutbush City Limits,a4092d5979c523647d2915fa9b7f6e662059e7e416acb7b938fced91ad78a76b
117,Don Omar feat. Lucenzo,Danza Kuduro,2010,https://www.youtube.com/watch?v=EKjdR-5XKYs,Danza Kuduro,d50ac3258c3aceebf865a5142dd12ddf482be3053648abf1c4cf60b7422cc3f7
118,Magic!,Rude,2013,https://www.youtube.com/watch?v=3WzamI8QD2s,Rude,159bd8d0cf6fb409c27b45fd6aa4bdeba4e6945c8d443847ae1ffeb258ae2ca3
119,Village People,Y.M.C.A.,1978,https://www.youtube.com/watch?v=RN8Li7kYNnw,YMCA (Original Version 1978),14cfe3b24e081ec59cd60ce757c0239f025140129402c202372c0d1974b2949f
120,Elton John & Kiki Dee,Don't Go Breaking My Heart,1976,https://www.youtube.com/watch?v=VHK5k2ieudc,Don't Go Breaking My Heart,2635d319c68430e83791c60a07d6af8bbd076336adf479635e89362b0c260e81
121,Panic! at the Disco,High Hopes,2018,https://www.youtube.com/watch?v=GJY8OMJXRAk,High Hopes,b279e59289c9a658d62907a89f6837adf8192f9fd4b21461b43cff94667a496b
122,Avicii,Wake Me Up,2013,https://www.youtube.com/watch?v=2NiyrtYegso,Wake Me Up,9a227a049d74468d4194b2b1795e1259607025440013da7812be09509ec2dbc9
123,The Nolans,I'm in the Mood for Dancing,1979,https://www.youtube.com/watch?v=-cI9VJbFZaQ,I'm in the Mood for Dancing,b609964750f0f9479133d5f7791bd9d4437e9cb239550a361d25743cd7ba65c5
124,Horváth Tamás,Beléd estem,2014,https://www.youtube.com/watch?v=T_27F9bG05E,Beléd Estem,f0f95180311645037fe80d6f142b982fa8863dc47fd1ff67de8896b664874c6a
125,The Rolling Stones,Angie,1973,https://www.youtube.com/watch?v=aVLBF-UKevY,Angie (Remastered 2009),69b4873fa23ff1ef37c5b47d12f3ea1d51f7862d10cbf29f65782f2cf4f6bf12
126,Ini Kamoze,Here Come the Hotstepper,1994,https://www.youtube.com/watch?v=354zVBILYPM,Here Comes the Hotstepper,8c80683a67fe4340f555c153b9ede2fc42c7442ef08814158b532d147fc42a8a
127,Lola,Hallja meg a világ,2006,https://www.youtube.com/watch?v=Wa81uw2zdzs,Lola - Hallja meg a világ,8defc8b7f7ab0ab09e0883a043860f1ed4c39f3f11e9a5d16b29c867975b4e50
128,Diana Ross,I'm Coming Out,1980,https://www.youtube.com/watch?v=AGO19YOaw6U,I'm Coming Out,fb7213a1011e562ff6399a1a77b64853fe57fbea0871e8e199ef12fc546dd955
129,The Pussycat Dolls,Don't cha,2005,https://www.youtube.com/watch?v=rDBck1REfBc,Don't Cha,ba6dcf4a891429d8570016a4fa3d15c10e92ecef3018f069b86021550839d664
130,Take That,Back For Good,1995,https://www.youtube.com/watch?v=wdOwlQZmLCk,Back for Good (Radio Mix),dbcac8d93803ab2a54781570151c40ee149d597334011a35889b0b7308570e74
131,Mc Hammer,U Can't Touch This,1990,https://www.youtube.com/watch?v=gDCRrvtY78g,U Can't Touch This,21b1da7aeb37c745e4d8bbb74995eb8353f1af73aa7c1b1261539e061516b817
132,Bruno Mars,Just the Way You Are,2010,https://www.youtube.com/watch?v=HBzyuCda2RI,Just the Way You Are,63a78d7f3390ff80f3d46cae90b838f136b2f803aa9abb2bdf942ed9c617b734
133,Edward Maya & Vika Jigulina,Stereo Love,2009,https://www.youtube.com/watch?v=BLukLvY8Mv0,Stereo Love (Original Mix),983a18da434b85ccfaf10e5f365446856ba07fae76ce5d1e4e8bacdcd3185324
134,TNT,Titkos üzenet,1997,https://www.youtube.com/watch?v=-bzvB8aPszw,Titkos üzenet,6d2655cef25d1a204c888aef7cd363bff6dfa46b81c043eabe8bbda2ba37e601
135,Bloodhound Gang,The Bad Touch,1999,https://www.youtube.com/watch?v=523Lqlk4fm8,The Bad Touch,11fa51d69a5646e8c323993a62d4e50324760fe2583c9bc7fcecfa8c61dfebd9
136,Krisz Rudolf,Homokba rajzolt szerelem,2002,https://www.youtube.com/watch?v=n3x8G0qsMsE,Homokba Rajzolt Szerelem,b120067206838c16270aba1acc79d6c0d36ddafb8441f71d2599991235fc035b
137,AC/DC,Thunderstruck,1990,https://www.youtube.com/watch?v=lhg9bYNLvOg,Thunderstruck,f72e39068722dd9765e89f944b559dc929187236656860aa7c5224be1c3fac39
138,Valmar,Éget a nap,2023,https://www.youtube.com/watch?v=QcOf-SQb490,Éget a nap,cbd589d8868bf7704743818411c7069390672e24315f19219fabc5814f02366f
139,Hip Hop Boyz,Megbántottak,1997,https://www.youtube.com/watch?v=TlR49RV2p5M,Hip Hop Boyz - Megbántottak ( JÓ MINŐSÉG ),09ab2a401b416b70f6416b82b6963e768cd9b749e1529e9c331a211527878a37
140,Spin Doctors,Two Princes,1991,https://www.youtube.com/watch?v=a748-dgSB10,Two Princes,a086ac668c82ffebe8d7b1989362b5a1c1c6ca4e262606944bd23dab4181ca0e
141,Oláh Ibolya,Magyarország,2005,https://www.youtube.com/watch?v=6vTF980GNdg,Magyarország,dbb14673318bb306946476dbf5836d3e2b3c038dd1c62defb469fbd99bdf4cef
142,Crystal,Te vagy a jel,2006,https://www.youtube.com/watch?v=tu9NqmOTsRk,Te vagy a jel (2007 Remaster),935d20b4e51109b94c593515a9ec92086d0c1ab908eff09f20dadadc58a7b538
143,V-Tech,Homokba írt szerelem,2004,https://www.youtube.com/watch?v=WiSY8NBNNgI,Homokba Írt Szerelem,d7d0f28cd86a8fd82172c96ef7525b383ab066950ab311646f62c11cfdcc2ac9
144,Ronettes,Be My Baby,1963,https://www.youtube.com/watch?v=QBDem6bffyo,Be My Baby,b14164dce5a932680c58ef5d35ec82b4aa0497eb3a93faaf1809b39f70b19c11
145,Micheal Gray,The Weekend,2004,https://www.youtube.com/watch?v=uDGJ9DyF25I,The Weekend (Radio Edit),a505775cc811d7ee548679449d28b4acbac991399ab9a81183638266e4cd8819
146,ABBA,Mamma Mia,1975,https://www.youtube.com/watch?v=KMViJKmAV4M,Mamma Mia,d458582b3e9860bb4d42a2b07d726bbf7496071cc517440413f2dd995e31dcac
147,The Jackson Five,ABC,1970,https://www.youtube.com/watch?v=niXNQ5dEcEA,ABC,fbfc0b9f665d4a4fc90672659397d84e17e021b3d8c4bd87aabc32c497485ad7
148,Azahriah,3korty,2023,https://www.youtube.com/watch?v=MEG3zuAaPco,3korty,e6c84ffd6090d2e00afbe40bd245c276246eda4411f07f4370b510e6ef2337e0
149,Manuel,Toxic,2023,https://www.youtube.com/watch?v=YHH2FoI2N5w,Toxic (feat. Azahriah),355fed3db3af13a1e3985e880365faf0c8e3dd0b130c8f616d73982612ed6088
150,Galantis,No Money,2016,https://www.youtube.com/watch?v=LsCHjlYw2oM,No Money,a53afe0ff14303c77e8f3b342f776ba037d1811ff5d633673bd9ac339e71498d
151,Daddy Yankee & Snow,Con Calma,2019,https://www.youtube.com/watch?v=GQwj_FRntp8,Con Calma,82e41b3e37b4faf9d14be9b8afd81054ed73b4adada4c412c6a923171aa58ac5
152,Justin Timberlake,SexyBack,2006,https://www.youtube.com/watch?v=g_V6wqBlADw,SexyBack,ca6bf1ec85be2cf2d392a2e7ddf5058b66e40e930c4859c24f9995a823f8466a
153,Leona Lewis,Bleeding Love,2007,https://www.youtube.com/watch?v=CFJtRiKgLhE,Bleeding Love,c555129228970bcf68533382d1e12f085f608c4da9c5cdd78c0027d857d06312
154,Bikini,Mielőtt elmegyek,1985,https://www.youtube.com/watch?v=EjI3PdJOjcU,Mielőtt elmegyek,36b1dbcdcafb1a8612e0a129ecf95e1e83f096a615a9281b5aaba8694c68c7f9
155,R-Go,Szeretlek is + nem is,1985,https://www.youtube.com/watch?v=O3WJwT4XjqU,Szeretlek is + nem is,8fd95a2f603ffdeb4ddf1e3e9f2252ca8255c2d85c480c560e668c46fff65962
156,Kid Laroi & Justin Bieber,Stay,2021,https://www.youtube.com/watch?v=XfEMj-z3TtA,STAY,80e4385ce6cadc66f4986af7609a2f167f78c2d067888c03cbd10b5881ea6333
157,Hooligans,Királylány,2003,https://www.youtube.com/watch?v=9K33KW8pX2I,Királylány,1423aa1f87a2379f78fab3134c492298e9be8aa535d891023582d865ab5903e8
158,Gala Rizzato,Freed from Desire,1996,https://www.youtube.com/watch?v=Qvu033SBMYU,"Freed From Desire (prod. Molella, Phil Jay)",63e7e2587d9d97723a7a391589d065349837e7cb5f65173d3eec84eb4304b3ca
159,Olivia Newton-John,Physical,1981,https://www.youtube.com/watch?v=4LjNxtwf7jo,Physical (Long Version / Remastered 2021),145b7df0b0838648ba72577464775eb3ea5a0a3107acac4fe1ace65e3c1ee10a
160,Barbra Streisand,Woman in Love,1980,https://www.youtube.com/watch?v=ryGlgkvqzKE,Woman in Love,09e3d7014af9d9b3813ffa7b28d69fbbddc1fa016c322d52b45798009f7ef248
161,Micheal Jackson,Billie Jean,1982,https://www.youtube.com/watch?v=Kr4EQDVETuA,Billie Jean,7d581bf2b47ddb21839bdbe9da4ca6f48ba6078dbf98ff618b16c0f22cef2726
162,The Communards,Don't Leave Me This Way,1986,https://www.youtube.com/watch?v=O-M2RWPRN9E,Don't Leave Me This Way (feat. Sarah Jane Morris),4109bfd3a3c284990b4eda3f6453f2530e661702489abadfd579c005833f4056
163,Hevesi Tamás,Ezt egy életen át kell játszani,1994,https://www.youtube.com/watch?v=01mo4KkDFMo,Hevesi Tamás - Ezt egy életen át kell játszani,9249782c7942a131fb901bda222ce042ff86e061065a6dccba4334707b392a73
164,Tátrai Band,A küszöbön túl,1991,https://www.youtube.com/watch?v=dmiraUIfs1k,A küszöbön túl,42373720eb955fc4cf7e31827b63c0f5d5bc5a8acfdde1b44175dfa9a36b2fe7
165,Republic,Szállj el kismadár,1995,https://www.youtube.com/watch?v=T1YWygc01Qc,Szállj El Kismadár,b07a0938460f186673821bda6939ab8dc81b5d9cf4644cce443294d7b8e43104
166,Iggy Pop,The Passenger,1977,https://www.youtube.com/watch?v=1r08Ca8fk5Y,The Passenger,797d4fdac671f8b559cdc6b83618f8b20420435d50612d4dd600b2200a1b9cc0
167,One Direction,The Story Of My Life,2013,https://www.youtube.com/watch?v=8M3Vlnu_i3c,Story of My Life,a74ac7b46e9a62738174f1cfb4d1b1df0e8525f7d61afe4615e3cd3f79525ed1
168,Ákos,Ilyenek voltunk,1997,https://www.youtube.com/watch?v=WdKeQCTAWtY,Ákos - Ilyenek voltunk (dalszöveggel - lyrics video),66cdbd2a76bb8a1f2dd763f042aa779279614532b5d52f2784b237bceb5d7613
169,Fiesta,Angelina,2001,https://www.youtube.com/watch?v=DITNkXvd2IU,Angelina,a005f985ba9f8d0daa70646d9d6760633af101141385e57d9791862449a69368
170,Welhello,Apuveddmeg,2015,https://www.youtube.com/watch?v=zL70WeLNq4E,Apuveddmeg,6256fab82a118f89a1ee141fab799ed25446c16a1ec6409663ae3a043318c54e
171,Will.i.am ft. Britney Spears,Scream & Shout,2013,https://www.youtube.com/watch?v=a5D8CTt-tfs,Scream & Shout,e468e16761ea0e7880840ac1f3d2408ba38d000285a70b087c8fcfb488dd28da
172,The Cardigans,Lovefool,1996,https://www.youtube.com/watch?v=c0fHs7THj4k,Lovefool,1489c5b2aa2934f1f53c536f78417b59fbf009ac01b82eac3bbefe1ae95d6ad3
173,Bonnie Tyler,Holding Out for a Hero,1984,https://www.youtube.com/watch?v=lLFL4hyXV4U,"Holding out for a Hero (from ""Footloose"")",e17c6f4bc52149cc04ad9803526df61e0d40387643e0f6635247219c2ef487b3
174,Calvin Harris,Summer,2014,https://www.youtube.com/watch?v=KSgKKSny0Qo,Summer,d0853e6c68fac4a22518bc074cd894a30d2b2713b21174ad059f60f4d9c3bd8f
175,Exotic,"Nézz rám, tizedes",1988,https://www.youtube.com/watch?v=zrNX2dz8SGI,"Nézz rám, tizedes",fbce9c0b5e4a543f050b781e42c4e11368ad0e7e6e9f1fb158e20f72702e11cb
176,Máté Péter,Zene nélkül mit érek én?,1982,https://www.youtube.com/watch?v=NKzWdE4YOTY,Zene nélkül mit érek én,faf727886ab77222c074a652bc1534a2048b6d950b7b003079e2c07ac5704484
177,Meghan Trainor,Made You Look,2022,https://www.youtube.com/watch?v=79vxRvYqeT4,Made You Look,975c7ac2a5475028c43a2b0469f998b946ff5947464fcee15b8459919d896277
178,Kelis,Milkshake,2003,https://www.youtube.com/watch?v=pVfFPuUYRXY,Milkshake,e439ff8909faa0d8e50ddfbd344758b58d702996ad976cc59732b847c3794c66
179,Cascada,Evacuate the Dancefloor,2009,https://www.youtube.com/watch?v=FrGiD2yompY,Evacuate the Dancefloor,01621863a4d4bc0f956c6ddeaad443b2cbd3f9dd006ea51166eacede65a60a59
180,Halott Pénz,Darabokra törted a szívem,2016,https://www.youtube.com/watch?v=suJCZ_CUy-g,Darabokra Törted A Szívem,4996363cbe2775bc1c229424d029c00e8e286367d118b2626e76deb121ed3faa
181,Adele,Hello,2015,https://www.youtube.com/watch?v=Ei8UnOPJX7w,Hello,4dae5503ee13fe4d35089f985472257f349be8fd378a7ef29644456a1f7ecbd6
182,Christina Aguilera,Beautiful,2002,https://www.youtube.com/watch?v=f1zLSpzCh9E,Beautiful,4b0d1f6922d41b3847511f3255fde1277e64f6280e2da05e6eaef78d38f99dd9
183,PSY,Gangnam Style,2012,https://www.youtube.com/watch?v=4AgDYTuZWOw,강남스타일 (Gangnam Style),ddd51883fa81cb24c28619b8a31a61d7af48844889b118c8f542ed5bc390d78e
184,"Calvin Harris feat. Pharrel Williams, Katy Perry and Big Sean",Feels,2017,https://www.youtube.com/watch?v=fqqcXP1D0Fw,Feels,c4edf36aa22ec0bffc2ef3444f682ba50ddbac4867c1dd011f007014e68f9b85
185,Ámokfutók,Van valami,1998,https://www.youtube.com/watch?v=lBo13Ygs2No,Van Valami,cef201eb48faef9d984e2e31a38e0fe3b92720b5f6ec48ec570a6f1a9a3c3d05
186,Robbie Williams,Angels,1997,https://www.youtube.com/watch?v=ezvBR_jakk0,Angels,3b294cf4293a03a050b57b2d91ba3053bca5778febecc068b5bdf7d257306d9b
187,Bereczki Zoltán,Kerek egész,2010,https://www.youtube.com/watch?v=WKmzYjMBrRo,Kerek Egész,59e62248bb529974a298a82beb6ea2712a0807f937ba7d70a1049007572fa679
188,September,Cry for You,2006,https://www.youtube.com/watch?v=hdIV_3IOQlM,Cry for You,caeae9c7e8d7b20689d6cc3dacd8b5e95b7e5fb5931797bafb77a06aea8ec3ce
189,Neoton Família,Santa Maria,1979,https://www.youtube.com/watch?v=24L4H739Pys,Santa Maria,0af1f91ddea979ffef054d68aef8fdf74c69d5e2ef5d96590b0d1f39f9d2ccb7
190,Szécsi Pál,Carolina,1976,https://www.youtube.com/watch?v=MJQOFUJ0irw,Carolina,65f35849707a5cb8360384bab6422a41d8c5a54ea16e31c266307d1351d2d09a
191,Atomic Kitten,Whole Again,2001,https://www.youtube.com/watch?v=JyghDKI9fD8,Whole Again,36a0d2cbc91db6d4241b32bbf28f3d28f476ab3420c0aa78ccab496e5057d08d
192,Vengaboys,"Boom, Boom, Boom, Boom!!",1998,https://www.youtube.com/watch?v=gM65SDMiXBE,"Boom, Boom, Boom, Boom!!",9e129bf99c1540e59037d1d9c0f738924578ec0ce1b34f7d8b19acfb86531be5
193,Charlie Puth ft. Selena Gomez,We Don't Talk Anymore,2016,https://www.youtube.com/watch?v=ffqliB42Nh4,We Don't Talk Anymore (feat. Selena Gomez),ea0fdb8a8fc937fd17b5ee4c6df37e866527d80f47b14e5d27c75610c9fcbdc3
194,Rita Ora,Anywhere,2018,https://www.youtube.com/watch?v=F0w0--zLem0,Anywhere,464085b93353b62d890323eeb88b6bbda20526c171e7e0bcb7f196832147b177
195,David Guetta (feat. Kelly Rowland),When Love Takes Over,2009,https://www.youtube.com/watch?v=zS_O0xHOsGM,When Love Takes Over (feat. Kelly Rowland),490d9d5e64482f08e74b00e2f3251ca3d56c56ccd745155060583db5ed609d8f
196,Ellie Goulding,Love Me Like You Do,2015,https://www.youtube.com/watch?v=6eW99oNNRvI,"Love Me Like You Do (From ""Fifty Shades Of Grey"")",f26c9c2289c1fc41b9c0ba498973d4610a0a0d2f09e1ecabd2e5fc29e1eb0644
197,Beyoncé,Single Ladies (Put A Ring On It),2008,https://www.youtube.com/watch?v=4z-bOdAdias,Single Ladies (Put a Ring on It),df61bd464d191466f13cc893e7742c5bfa1955f2ee3462b05797cfbdb200a191
198,Pápai Joci,Origo,2017,https://www.youtube.com/watch?v=Q232p_R_WpU,Origo,a0044afa94ac84ec1180132bf375b66cd0bad1d6ac296fdd6d34e8de5749d65f
199,R.E.M.,Losing My Religion,1991,https://www.youtube.com/watch?v=Efa6BAWPm9o,Losing My Religion,f7fc45e66cec0d6a397afbae5c52e99456561dbe5b8ae82783fc98ed4641b706
200,Koncz Zsuzsa,Ha én rózsa volnék,1973,https://www.youtube.com/watch?v=tdAxItSzhu0,Ha én rózsa volnék,1f4799cd0e930aa0fd7de28a05e31a154c605ce2b9e1c692f84259048b081f40
201,Zanzibar,Szólj Már,2001,https://www.youtube.com/watch?v=xCskTwiTLN4,Szólj Már,9106384a214670f85dce339d62eec1294d7d08f99b3d8f6526bbe8235f967cb3
202,Rapülők,Áj lav jú,1992,https://www.youtube.com/watch?v=F-Q35XVSkv8,Áj lav jú,3a55832a4b332ea7cc1c11a5b60cb14ed6c9ac1357c595017958c37873db0d16
203,The Jonas Brothers,Sucker,2019,https://www.youtube.com/watch?v=73ouhDibImA,Sucker,1148d68944c75839c99dd0dc8075b75f586eded1d128d320ad5f105fcaa4dd1d
204,Happy Gang,Fiatal szerelem,1996,https://www.youtube.com/watch?v=Byn2BzJaI2I,"Fiatal szerelem (""Éretlenek"")",5a9373ac497a44ae6771cdebe74392f2a5828a4eb894cd16b06ce99c53ee45ee
205,Soho Party,"Gyere, táncolj!",1994,https://www.youtube.com/watch?v=AEhtfxVgKR8,Gyere Táncolj! (Radio Edit),0a71c3496837e9a36f8c764d8868ff13d34e13f72ad0574f53e9388a1f00b6eb
206,Rúzsa Magdolna,"Lesz, ahogy lesz",2018,https://www.youtube.com/watch?v=Klr_aAx1hp8,"Lesz, ahogy lesz",7edb15d78591466d117f33116479a8da3e37497903b907c502df49f8393c06e1
207,Hungária,Szerelemre hívlak,1974,https://www.youtube.com/watch?v=5QBTfeAItjE,Szerelemre hívlak,eb51e58947bbee4769fc165d2b8d091f7b34dd5d79d09b8ff679e5741e13968b
208,United,Keserű méz,2002,https://www.youtube.com/watch?v=8QGkuB74dKk,Keserû Méz,9643c30ba3754e2319696ab4b68fd1bd47b8e0931543a2b9b98c3548b7c62105
209,Zucchero,Baila (Sexy Thing),2002,https://www.youtube.com/watch?v=-PEWgTsaGCU,Baila (Sexy Thing),34a7485766bfa55e385852c17227a90731d90aaf8c6cd602c481fbd5308cabc0
210,Zombies,Time of the Season,1968,https://www.youtube.com/watch?v=N5MYs-vOZzE,Time of the Season,4be1041cabd3d884694e0d08adb94b63a32aa607e9f8683a6960020ad8441ab2
211,Eminem & Dido,Stan,2000,https://www.youtube.com/watch?v=HIqQ0PfuPo8,Stan,c300acc403afb53418549abae7fd6f6b2e9634a17e7f1410d99f983b7cd48591
212,Tankcsapda,Mennyország tourist,1999,https://www.youtube.com/watch?v=aKCT3MyKYjg,Mennyország Tourist,0be48fb8046fefc8ea3bb78ab518408cfca0e1ac974512c0f54054fb2a2e7fb0
213,Gwen Stefani,What You Waiting For?,2004,https://www.youtube.com/watch?v=QwJR4zvhy_w,What You Waiting For?,44d936051c01ab36d36fcde17e3c71a0ac58ab73e9039020ea7f37024cbf7f3d
214,Alicia Keys,Girl on Fire,2012,https://www.youtube.com/watch?v=mVuSfxqpZa4,Girl on Fire,5f7cf835178bf30c70df8fd5ca054c6a2745c256b23109ebcf5e228df163d6ca
215,Sean Kingston,Beautiful Girls,2007,https://www.youtube.com/watch?v=_Wxfu7Th2S8,Beautiful Girls,e5910eaaef477dd531c1980bb7c6ac12103c9650917fadabe1f1ac48cf0701c1
216,Császár Előd,Megtalállak még,1995,https://www.youtube.com/watch?v=Tu-wJMufsFM,Megtalállak még,7e1b96d4ab0985b051e1e914b9101999298f2515b27ffb8858ad8a98e442e963
217,Deep Blue Something,Breakfast At Tiffany's,1995,https://www.youtube.com/watch?v=ewo6AGUJaUA,Breakfast At Tiffany's,bc1a853a39e36ffcbdf687ec99338eb13090d1399d88e416a795d6b32ba7c2b5
218,Shakira,"Whenever, Wherever",2001,https://www.youtube.com/watch?v=fFW91xwQFXk,"Whenever, Wherever",54c87dc4307105ca88f1839747907ab8b3ac0a1980088a3a88475af934a06d3e
219,Zanzibar,Szerelemről Szó Sem Volt,2002,https://www.youtube.com/watch?v=cWOCx85Pi0o,Szerelemrol Szó Sem Volt,8f3c52d8feb56db92dc9b7dcaa9904114eac5a1604d058be9d4237f3fb5b0c68
220,Cindy Lauper,Girls Just Want To Have Fun,1983,https://www.youtube.com/watch?v=gvLMhpzYic0,Girls Just Want to Have Fun,6dad2d1de5ec43081c5c6b7a88eb68fbfa2402b3bee85a8cd9e11826eaeaf162
221,George Michael,Too Funky,1992,https://www.youtube.com/watch?v=AiXYgOmi2kI,Too Funky (Remastered 2006),b2bddf712bffbc1c39d544ae6b6d59eefb62d56247de1300af9de68d14144d0b
222,DJ Snake and Lil Jon,Turn Down for What,2013,https://www.youtube.com/watch?v=MGuM2SlZBJ4,Turn Down for What,2fb4229fb9022b807707b85139fd41431764731805d9b966ee6be9e643509f85
223,KC & the Sunshine Band,That's the Way (I Like It),1975,https://www.youtube.com/watch?v=2UB8P0UImzw,That's the Way (I Like It),cb928f23a0ef5022c73feff81ba2ae76509fe877acaefd3df8620c0b7689f4a1
224,Vengaboys,We're Going To Ibiza!,1999,https://www.youtube.com/watch?v=g4BGP7Hei_c,We're Going To Ibiza!,63ada26974381b26ff4ec2afb7eb9928758fcd78ec84c45c80dcb5726f3c73fe
225,Scissor Sisters,I Don't Feel Like Dancin',2006,https://www.youtube.com/watch?v=JBUs7P2kIAs,I Don't Feel Like Dancin',d329c62a47ed071bcce20b129b39d49c3279aec47789b1447027114278729aab
226,Ámokfutók,Szomorú szamuráj,1995,https://www.youtube.com/watch?v=DhnBFFF6BJY,Szomorú szamuráj,f99ed70090424f12134570f4e1e7a45c98864454bba5bbe86af73246976641e6
227,Katona Klári,Savanyú a csokoládé,1976,https://www.youtube.com/watch?v=lo7QLwMXgLc,Savanyú a csokoládé,1604d892c31a370e0ae33e86c20241ef77c53d7544b0b50e1d98f627cb365c87
228,"Earth, Wind & Fire",September,1978,https://www.youtube.com/watch?v=B2mmDEv0OEk,September,020dbba238341e6fdd069921933562f52c74434f531702ae7de0a114dfb706c0
229,Clean Bandit (feat. Sean Paul and Anne-Marie),Rockabye,2016,https://www.youtube.com/watch?v=mVw5KiGwqaQ,Rockabye (feat. Sean Paul & Anne-Marie),26994f0590dd0bdf3ccc6587eabbd5ad50779ee6030610da138c4c69c568efc1
230,The Rubettes,Sugar Baby Love,1974,https://www.youtube.com/watch?v=C9TGlhaZACs,Sugar Baby Love,afc0536d9460c8a7b4bf3621baf24aae5ecd631709d6d4671a035050a82a6c62
231,Anastacia,I'm Outta Love,2000,https://www.youtube.com/watch?v=-48dP1VwgNg,I'm Outta Love (Radio Edit),4cbd2548382b6508929d31ded646a7502946bed1739d53fa745ff9fc9c17e35d
232,Majka,Belehalok,2012,https://www.youtube.com/watch?v=bAHGOnYq34A,Belehalok,da973798e4427c2ee6ce2d89f62e5e3009a9f535a74f8e759fa24b8936cc50f9
233,Ihász Gábor,Múlnak a gyermekévek,1989,https://www.youtube.com/watch?v=qYdlm2XFtQc,Múlnak a gyermekévek,1261b28989ebbbc2807e501a838bb0abab6a85cd9285ea587f734e6e6f92d59d
234,Shakira (feat. Wyclef Jean),Hips Don't Lie,2006,https://www.youtube.com/watch?v=p3pEe6aAJ4k,Shakira - Hips Don't Lie (Lyrics) ft. Wyclef Jean,54fd4d21b3330c33f4abe5f754c5730fc493eee567b735f65081ea78d8ffdfe0
235,Bobby Mcferrin,Don't Worry Be Happy,1988,https://www.youtube.com/watch?v=AFDOSq6Wxa0,Don't Worry Be Happy,a0561118b634d80890ca0b7f7f86329fecb2dae010e6625b0ff180cd4242b3cb
236,Sia,Chandelier,2014,https://www.youtube.com/watch?v=uzaYLK3k0DQ,Chandelier,f8fd65e2100a2f9616ecdc35aec6958efc16147c06872dfdc6285aaa241c578d
237,Bonanza Banzai,Induljon a banzáj!,1989,https://www.youtube.com/watch?v=9AMXl-zzSdQ,Induljon a banzáj!,3a5bc5cfc89d2c47f769fc3f386bdc472a6b0d6e4d30fbb6c6036979d32b7d8d
238,Karthago,Requiem,1981,https://www.youtube.com/watch?v=BS2qO-gpoTo,Requiem (SP),3da5d1233e6b5b11c77ba626107c3896ae0e379c1e7ec3653a8e27fa95c9c21b
239,Király Linda,Szerelem utolsó vérig,2003,https://www.youtube.com/watch?v=I8-uGZMeAeM,Szerelem utolsó vérig (Bonus track),dcb55203f2980e3240fe0859851f43a3cfa03703a2272b415c9354b9d8173c9f
240,Eric Carmen,All By Myself,1975,https://www.youtube.com/watch?v=h0KdR8bKHNQ,All By Myself (Remastered),ac2ae25f4f6079df5620ea49d7654b7a986d10235998e3be31f062dd28b334c6
241,Baby Sisters,Szeresd a testem,1999,https://www.youtube.com/watch?v=9j07O37yNxo,Szeresd a testem,7df2fde8c33fa6ddf6207bb3d8d80138d006de882ff65fa76448effdb5f62a1d
242,Wolf Kati,"Szerelem, miért múlsz?",2011,https://www.youtube.com/watch?v=WYNF-lf-zH4,"Szerelem, miért múlsz?",f601f54a038473c0f2fba5fa215c998154bb7f9bb8457180660cac731e160d1d
243,Depeche Mode,Enjoy the Silence,1990,https://www.youtube.com/watch?v=ojvldIzbaMo,Enjoy the Silence,942ca6991055e76a1390827a6922cf1aeb0933e4a8849f70e6a3678b4249cda0
244,Kate Ryan,Ella Elle l'A,2008,https://www.youtube.com/watch?v=jqw4g3QaHWY,Ella Elle L A (Radio Version),d0d1c9c9f8b16f4113de05cab011826e9d336b707c1bad158d9d7d13f7ae742f
245,The Mamas & The Papas,California Dreamin',1965,https://www.youtube.com/watch?v=oU6uUEwZ8FM,California Dreamin',2b5149cef04c5ebd961d5bbeb25ccaa0d58450405c149b36256e480a2152f2c0
246,Punnany Massif,Élvezd,2011,https://www.youtube.com/watch?v=9yU2iHQjqtw,Élvezd,ae6d07ed2dbdf4b031fc3c819dcc9a827bac78d0d07f3174ff048c6e5d1c4504
247,Betonhofi,Bagira,2022,https://www.youtube.com/watch?v=Xao8pLbPCcA,BAGIRA,67e8038f9414a5ebbbe25b5acfa0f84c025560af04930f31355100166018c279
248,Zalatnay Sarolta,"Hosszú, forró nyár",1974,https://www.youtube.com/watch?v=NscIV_GkyRY,Zalatnay Sarolta: Várlak még,c2782758b8a889f78b3a81abd34c36dd965fa767ea2c717007cc077da72d45a5
249,Bob Sinclair (feat. Gary Pine),Love Generation,2005,https://www.youtube.com/watch?v=h_7P0O-RSiE,Love Generation,ed172440097e884772d5b7e16baf7bc4666798a2e0a510496a9c632fa7b0e12b
250,Janet Jackson & Michael Jackson,Scream,1995,https://www.youtube.com/watch?v=8k1yj46xH24,Scream,34a7d078eddcf2f605770f342a21af7ef4ced535c550d55196e24b333760053a
251,Alex Gaudiono ft. Crystal Waters,Destination Calabria,2007,https://www.youtube.com/watch?v=a7uIJkDydjA,Destination Calabria (feat. Crystal Waters) (UK Radio Edit),33a4290f6a085d22aebc6da8a63bc71946c1238f90c0256aec6ec4915e050ad3
252,M People,Moving on Up,1993,https://www.youtube.com/watch?v=cQQlzn_wrGs,Moving on Up (M People Master Mix),9c55cd9d9b5238f77b9228c918d7e909affb311fda1d3edd3f386eb6954a2122
253,Horváth Tamás,Fehér Holló,2023,https://www.youtube.com/watch?v=ts6nec1aiX8,Fehér holló,50afa284daecae47dd4efa74437e6fcf6105ba1865ee8f1f0ea2ea81655935a1
254,Elefánt,Kár,2021,https://www.youtube.com/watch?v=J89M8twtEUE,Kár,9a2c1de050ee331899ee8005bfbce494efbe1092060c82551bf76f608396c054
255,Apostol,Nehéz a boldogságtól búcsút venni,1978,https://www.youtube.com/watch?v=sOsF0CgFp6k,Nehéz a boldogságtól búcsút venni,00bd20e24dac6b60eeb90c29ca5041deb71c1f2089de5e3f1d8fca8c1adb277a
256,Crystal,Két utazó,2000,https://www.youtube.com/watch?v=_8pSeViClsY,Két Utazó,360b227eacd2099f1c1760b3b40eebc471a42925ed89adfd15cb4833cc5d3cc9
257,Harry Styles,Watermelon Sugar,2020,https://www.youtube.com/watch?v=KPM_BYl-EaQ,Watermelon Sugar,663589908002b040859bd7fdc1ca3d7a6164253df18faf7a1084ed1196002926
258,Szandi,Nyugi Doki,1990,https://www.youtube.com/watch?v=9G0-elKR-t0,Stupid Cupid: Nyugi doki! (Stupid Cupid) (Sung in Hungarian),087d69e8a87dce3ca3073dc03bb5f3d01c6397a813bfad22be07fbae0509aaac
259,Fluor Tomi,Mizu,2011,https://www.youtube.com/watch?v=t8ll4k0E6qc,FLUOR – MIZU – OFFICIAL MUSIC VIDEO,dc3adc51bad0e2ef662c4f2a93e7e5b46ddf64589246168fc39587f060512937
260,Kiss,I Was Made For Lovin' You,1979,https://www.youtube.com/watch?v=12fJAnaif34,I Was Made For Lovin' You,01f754bfc7ef81800fda39574bf76a9b84951a45e298762db2d98c31e597c341
261,The Righteous Brothers,Unchained Melody,1965,https://www.youtube.com/watch?v=Zv8czIoAw5w,Unchained Melody (Remastered),da6815b1c3f95a679dd43ecb8df84d5cd1cbcf7da0b881e1fcc39178f7b9a0cf
262,Kozmix,Angyal,2000,https://www.youtube.com/watch?v=_h2gRwZxoCM,Angyal,a00c01e2fce1aa897e2f942936540ddc8179846d82be0a8ef8b14866a033ccf6
263,Gnarls Barkley,Crazy,2006,https://www.youtube.com/watch?v=vBtvhPM2GHc,Crazy,43b6bda20187deca21ffeea81acd8204a1540bed729dbf07a97819d4705865cd
264,Katy Perry,I Kissed a Girl,2008,https://www.youtube.com/watch?v=usvTbqTHwyw,I Kissed A Girl,eac97f0d0f725db858782837b69bf4e4576f388e05d6a34c19da3d548ef2658d
265,Right Said Fred,I'm Too Sexy,1991,https://www.youtube.com/watch?v=1l8KLXDhTMQ,I'm Too Sexy,a34604bd4b1c1c4427062c53b85f04bfda3879e0b39d52e9cf33e024b34f67e6
266,LMFAO,Sexy and I Know It,2011,https://www.youtube.com/watch?v=evHIaUZ0KtQ,Sexy And I Know It,366f4afdb9c6c4a08ead9130d9b21c7bef794ebbc9091a6d9c5feb61b1640a99
267,Magna Cum Laude,Pálinka dal,2009,https://www.youtube.com/watch?v=bmyDCdYqHTA,Pálinka dal,2a2be1deb9de7a1146cee1c97f8dc4fa62df6210743be38464103b01901960d0
268,Måneskin,I Wanna Be Your Slave,2021,https://www.youtube.com/watch?v=0T-BCIFeqq8,I WANNA BE YOUR SLAVE,381a60f9485b5ab5246ba30e4f92240f2d2158def9f8f34aaf50fdfab6bed7bf
269,Szűcs Judit,Táncolj még,1977,https://www.youtube.com/watch?v=TwV7iUPY0nk,Táncolj még,bac4fc7093d6e976e107816e9b530208c805ddda4441e350c51666a33d55df71
270,John Paul Young,Love Is in the Air,1977,https://www.youtube.com/watch?v=ZWzWL-S05fg,Love Is in the Air,962e987611afe71bd9fdae009fb715c2211c95e9a74afddae382890a8ab99011
271,Caraly Rae Jepsen,Call Me Maybe,2012,https://www.youtube.com/watch?v=dlObDivWgx8,Call Me Maybe,c03aa2b6d7678d4d9c6e1f2329a8dece94dd544759123333fd2cbfd11eb156bb
272,Bonanza Banzai,A jel,1990,https://www.youtube.com/watch?v=88ShGWL3QhI,A jel,90c8e91e1d81ebc10340f3e683f85869fc5e65bbf54d8fb2ec314c723d77f0b3
273,Katona Klári,Vigyél el,1981,https://www.youtube.com/watch?v=sT-1VFH6Dps,Vigyél el,c1dcaa726ef85c07a5f0610f885d32dd863610fbc5c1786de193a99307f5129d
274,Rod Stewart,Do Ya Think I'm Sexy?,1978,https://www.youtube.com/watch?v=6F9N-6ITFnA,Da Ya Think I'm Sexy?,a52594f3cfb90980ffeb64d7537ced1b6524553e7f21fa9b34597c08a820dc06
275,Europe,The Final Countdown,1986,https://www.youtube.com/watch?v=4hj8M8XZpis,The Final Countdown,a28fe7a339c409189a6ad96a3883f496280566fcb02d97355f6c9dd0869de2a4
276,The Pointer Sisters,I'm So Excited,1982,https://www.youtube.com/watch?v=I57hkclh3kk,I'm So Excited,f4aa41e54827f32098a3eceb8272c098cb0857b5b8aed37f1ad122c0b889fb4d
277,Justin Bieber & Ludacris,Baby,2010,https://www.youtube.com/watch?v=GqWYJT-iMTw,Baby,aea3654eaccc92d8592daddc267023c0a02f906a0072d22ac7710850ef11664c
278,The Temptations,My Girl,1964,https://www.youtube.com/watch?v=szbI1vu-cCc,My Girl,5a811486018fb84d9ad8d5d49415043effb2f8e766031faba1082647a69cfcd7
279,Survivor,Eye of the Tiger,1982,https://www.youtube.com/watch?v=067r16_aGr4,Eye of the Tiger,4eb2a23d983aca71f6628dfbb1bd15901262ba5ef465437e2296d884520463d3
280,The Weather Girls,It's Raining Men,1982,https://www.youtube.com/watch?v=4x6leDGV7gs,It's Raining Men,0b859c086bd5d3f4df259acc46a97d962bd5ddb0a6a9ab41e3021f7ac5e9529a
281,Korda György,Reptér,1981,https://www.youtube.com/watch?v=ZSk2g0PZ91o,Reptér,39a35ebbb522da487db4d3064d970b880f0393c1ea00299d39f35058a63b65dc
282,ByeAlex és a Slepp,Csokko,2023,https://www.youtube.com/watch?v=UfCZPjja2os,Csokko,63625c48c76e92b3acba96d901f8f45a8e9be5d5a61fb69da2eae24f82d624c3
283,Soulwave,Minden tévedésem,2019,https://www.youtube.com/watch?v=jBuWiH72FSI,Minden Tévedésem,73e60ab58e7559e72c70ba88c2a126e1099147a7b8a367fcbc82e61b734d99d3
284,Queen,Another One Bites the Dust,1980,https://www.youtube.com/watch?v=bdf_ll68Z8o,Another One Bites The Dust (Remastered 2011),75da22eb59fdb0da3ed4353bb0f9d6c31e2a9c1604bde5302c206983606fe7bf
285,Rácz Gergő,Csak Állj Mellém!,2015,https://www.youtube.com/watch?v=u0L7kJAgQBY,Csak Állj Mellém!,c7a2ae7173d9b35829262d9adfd0a08b69c4ef17c3c29d53825b3d8a427d49d2
286,Stevie Wonder,Part-Time Lover,1985,https://www.youtube.com/watch?v=bgmMpT_m-t4,Part-Time Lover,98f1be472c7c118426f7556cedb543888fa29113a9d9abf92159fed3159c5319
287,ByeAlex,Kedvesem,2012,https://www.youtube.com/watch?v=BSqXqfwV0lM,Kedvesem,6f626f2e7a076178abd129433c65abeb842b04ff194eb572da92d9cf93a8691e
288,Bon-Bon,A sexepilem,1999,https://www.youtube.com/watch?v=1T2MmKeOkV4,A Sexepilem,c81d9460da3cf42113e723f3a435e833b542813359a253d2cf94602f5c9f4d34
289,Bon Jovi,Livin' On a Prayer,1986,https://www.youtube.com/watch?v=YBdyc1WDlBQ,Livin' On A Prayer,1542298e73bbbfd01630e900179cd1b29b0e14f7df94f332748b6a1d55d9b8fd
290,Azahriah,Mind1,2022,https://www.youtube.com/watch?v=sn0-ENKao90,Mind1,35789ca0818adbf5ed0e6519df2fdce9dd88e6dff473e1de2a6ff13d76cd194a
291,Dzsúdló,Lej,2020,https://www.youtube.com/watch?v=SWC3N6DnY24,Lej (feat. Lil Frakk),f15ec34d3fa0b89475032924e32a4de06bcb5f217d2526f8b22e5c7840bfa322
292,Berkes Olivér,Évszakok,2020,https://www.youtube.com/watch?v=KcymBYrx1DM,Évszakok,b4b98a63742925327edefab6e7c5a5e523dc6d2eea6495a499b89fdabc47ca2b
293,Halott Pénz,Hello Lányok,2013,https://www.youtube.com/watch?v=roH_WQBEo8Q,"Hello Lányok (feat. Diaz, Mentha)",98b2779255502b0d992fc4dc54f9ba0ade8720f6d4ce0f07d2cc5d6614cdfd2b
294,Mark Ronson & Bruno Mars,Uptown Funk,2015,https://www.youtube.com/watch?v=tYvFa2ARD24,Uptown Funk,ec5c2a6f832fa9e0a2978af178cc5e4deda6f1f91a4c80281910776e680d39a3
295,Locomotive GT,Egy elfelejtett szó,1975,https://www.youtube.com/watch?v=F_eVkdFucG4,Egy elfelejtett szó,892517de5cb31895fcfe4c0de6324de50f74f63b9e2ca67864406e11fe4e7492
296,Varga Viktor,Lehet zöld az ég,2011,https://www.youtube.com/watch?v=_SxEPTwAYTc,Lehet zöld az ég...,d2f5058dec8219b36f7a379eee3fd5b0e194fec8df9bb01ff630a68886f90d5e
297,Hungária,Csókkirály,1980,https://www.youtube.com/watch?v=0RuyPtTgohE,Csókkirály,71e572a829599ad43fd4479e5e578c3dc2935f7d229aa85b86d36df9090661a6
298,Rockwell,Somebody's Watching Me,1984,https://www.youtube.com/watch?v=KFS9c852M_k,Somebody's Watching Me,1577f6d1502aba9e4b8a536507f5eb6578202eb6fbc52526616e1aa2949006a5
299,Rihanna,Umbrella,2007,https://www.youtube.com/watch?v=xXD5tltX9Pg,Umbrella,b0c54c269e4fc587b4d6e4db76497295b6210fc778e300cb50106a211b33923c
300,Tracy Chapman,Fast Car,1988,https://www.youtube.com/watch?v=IJ8i49EqgYI,Fast Car,9a8c95cabfcbe3de219408bcc2a375fb76011b676d2ea7b4439da2a47178b0b2
301,Rácz Gergő,Mostantól,2020,https://www.youtube.com/watch?v=U0Rysu7nalM,Mostantól,647c5ff51f26d5cdbc7af70b37e95b0d523c6938727082c069948a3091172b62
302,Korda György,Lady N,1977,https://www.youtube.com/watch?v=GgBbCwIkHmg,Lady N,1ce4df84d2362064a1e1e3a2b4ac41a1e9df504f57abe90917e776d3f5a84999
303,David Bowie,Starman,1972,https://www.youtube.com/watch?v=aBKEt3MhNMM,Starman (2012 Remaster),950e51212ce0d57d772e44f8a500428909206d39e6b2805c3d65ed644b15512c
304,Madness,Our House,1983,https://www.youtube.com/watch?v=GWubi_Eq0Ek,Our House (2009 Remaster),f3f402209b28e7d62bac9982cd9b2c770530e53e523f0954e9647ca05d02d9d2
305,Donna Summer,Hot Stuff,1979,https://www.youtube.com/watch?v=0YLiTLmrMZA,Hot Stuff,8025b95a288304fcc5e4b51e1281adf4ef031690f927bd1d39108fba3148fe53
306,Soltész Rezső,Szóljon hangosan az ének,1982,https://www.youtube.com/watch?v=NIux6VYzgBI,Szóljon hangosan az ének,3f9fe54f71d120c7cdc74d08a385a5b24d21a9d9a24525778e2dbe88a588ddf9
307,Koncz Zsuzsa,Keresem a szót,1978,https://www.youtube.com/watch?v=5w62kyfs_RI,Keresem a szót,dc7787083093356742f9bb8ca2a1c340b0f80aea552c3cbdd1343c668a6b49b5
308,Honeybeast,A legnagyobb hős,2014,https://www.youtube.com/watch?v=TMfL-0IwgtE,A legnagyobb hős,66aa656d0fdea8f5754f663d463740948a2488d18437b2d6e1a297bbbc2f6e33
